UUID,email,role,firstName,lastName,dateOfBirth,isHIVPositive,diagnosisDate,isOnART,ARTStartDate,countryISO
15d534c8-bba5-425f-8575-23926ea63e0d,admin@gmail.com,ADMIN
afa60375-970b-4e50-956c-26e2d8eaddb5,admin@hotmail.com,ADMIN,John,Doe
afa60375-970b-4e50-956c-26e2d8eaddb5,admin,ADMIN,John,Doe
f46ac6e6-df58-41a7-b787-a5450ff6ce98,adam@gmail.com,PATIENT,Adam,Doe,1995-01-01,true,1999-01-01,true,2020-01-01,UGA
50156c99-554c-430e-9001-e8ec14e2a67b,doe@gmail.com,PATIENT
dd97f755-cf02-4765-a900-f340f0427477,mary@gmail.com,PATIENT,Iris,Jane,0,true,1990-08-09,true,1990-09-09,RWA
a449c838-b7e4-427d-b780-14aaa4c93c2d,john,PATIENT,mary,doe,1990-01-01,true,1990-01-01,true,1990-01-01,RWA
aa11dc7f-7f4e-4058-898f-2c175effeb20,fmaccarter0@hc360.com,PATIENT,Felice,MacCarter,1991-08-10,true,1993-08-15,true,1994-08-15,NER
09e4d6be-839f-440b-a692-f6bbdbe35d14,tseedull1@sakura.ne.jp,ADMIN,Trent,Seedull,1983-08-31,false,1985-08-31,false,1986-08-31,UGA
25526497-50a9-454d-b7aa-78fcecb4c47e,abigley2@dailymail.co.uk,PATIENT,Mary,Bigley,1985-08-04,false,1987-08-04,true,1988-08-04,ISR
97318f40-57a1-4d07-8164-31e628fe6e01,cherrema3@jugem.jp,PATIENT,Clare,Herrema,2000-05-21,false,2002-05-21,true,2003-05-21,IRQ
b0450883-84b0-4f31-9276-8b02c18bb81a,sdunklee4@eventbrite.com,PATIENT,Sheila,Dunklee,1982-08-20,false,1984-08-22,true,1985-08-22,DZA
04d1a135-7793-4f7d-9206-69d9c3bb8b49,ucaughey5@oakley.com,PATIENT,Ugo,Caughey,1927-04-12,false,1929-04-12,false,1930-04-12,LSO
aac04f9f-31bf-401d-9107-a297262adfd7,gfabri6@ning.com,PATIENT,Goldie,Fabri,1956-10-15,false,1958-10-15,false,1959-10-15,BWA
3e98ea24-e732-47ce-a424-7d19752aa2f4,efirby7@vimeo.com,PATIENT,Emili,Firby,2005-07-04,true,2007-07-04,true,2008-07-04,SDN
4c9bfd17-4c55-4ddd-b1d8-11c4bfbe013b,cludlem8@drupal.org,PATIENT,Candy,Ludlem,1945-08-10,false,1947-08-10,true,1948-08-10,MDG
02f866b5-5f2c-45d8-94fc-373b3c20c1eb,asailes9@sina.com.cn,PATIENT,Ade,Sailes,1998-02-02,false,2000-02-02,false,2001-02-02,RWA
88315a13-af1a-46e8-bf2b-a3295b738bd5,gclaridgea@reuters.com,PATIENT,Gerta,Claridge,1926-03-14,false,1928-03-14,false,1929-03-14,CHN
50e88693-a54c-4af8-940b-0027ac963262,mhenrietb@wiley.com,PATIENT,Minnie,Henriet,1973-09-22,true,1975-09-22,true,1976-09-22,EGY
7816b14e-1cf7-4517-83b3-319cfdcac929,ndelphc@bigcartel.com,PATIENT,Norbert,Delph,1970-02-14,true,1972-02-14,false,1973-02-14,TGO
f08142b4-a7b6-4c9b-8d97-931ef02f4e1f,bcharopend@cbc.ca,PATIENT,Bibby,Charopen,1926-11-06,true,1928-11-06,false,1929-11-06,SSD
61a1379a-c1d1-48a7-bf72-7c044da94cb6,sciccarelloe@icq.com,PATIENT,Spence,Ciccarello,1942-02-01,false,1944-02-01,true,1945-02-01,ERI
c83e1790-3dcc-41c4-9398-2cbe2fa6dca1,gpetrillof@dell.com,PATIENT,Gratiana,Petrillo,1954-07-26,true,1956-07-26,true,1957-07-26,PHL
d84ece03-5a46-4868-ae5e-86d97410f072,gmcanenyg@vk.com,PATIENT,Gardie,McAneny,1929-09-03,false,1931-09-03,false,1932-09-03,MEX
454a8439-2b57-4399-8a4e-13460f9fd2e7,ahaythornthwaiteh@soup.io,PATIENT,Adolphe,Haythornthwaite,1986-01-27,true,1988-01-27,false,1989-01-27,SEN
eec67e92-0e40-44fb-98ef-1a4ad8f83df5,rcharsleyi@kickstarter.com,PATIENT,Roxanne,Charsley,2001-11-03,true,2003-11-03,false,2004-11-03,COM
16f293d5-6869-476a-94c1-c4aca492e060,rbiglandj@globo.com,PATIENT,Ruprecht,Bigland,1978-01-09,false,1980-01-09,false,1981-01-09,CAF
daa785dc-68b7-4f43-a78f-5662e0e8f587,rlamballk@github.com,PATIENT,Rodge,Lamball,1950-10-05,true,1952-10-05,true,1953-10-05,MRT
1add3a8c-68b9-40c0-b6b8-60dab6ce503b,dolinl@usnews.com,ADMIN,Devi,Olin,1953-10-24,true,1955-10-24,true,1956-10-24,DJI
4e36e73a-5599-44a8-8586-e76653611b64,kpesekm@state.gov,PATIENT,Kass,Pesek,1972-12-17,true,1974-12-17,true,1975-12-17,AFG
5fcf77da-97d9-4e63-85c7-c81094351c05,asowtenn@sina.com.cn,PATIENT,Aura,Sowten,1957-04-17,true,1959-04-17,true,1960-04-17,NGA
65a94641-97e7-4402-a877-cc0607f0a892,cmellerso@delicious.com,PATIENT,Corliss,Mellers,2004-03-23,true,2006-03-23,false,2007-03-23,CAF
48427410-6fa0-43b3-bd2a-729fdbaaf92f,gwrassellp@google.com.br,PATIENT,Gus,Wrassell,1938-05-04,true,1940-05-04,true,1941-05-04,COM
adf4f6ad-a6be-4ee2-af73-a4644a5d6067,fjanicijevicq@blogspot.com,ADMIN,Faith,Janicijevic,1940-07-04,false,1942-07-04,true,1943-07-04,DZA
22849703-318e-4c98-8a37-b60e8125c7e5,bfarrearr@hao123.com,PATIENT,Baxter,Farrear,1996-07-16,true,1998-07-16,true,1999-07-16,BEN
f29f567f-0aff-48bb-adc6-a1f74948f09b,cknibleys@cargocollective.com,PATIENT,Chloette,Knibley,1939-01-31,true,1941-01-31,false,1942-01-31,EGY
86778cb3-662d-4a2e-9f17-79c1e7c2cb60,ebrignellt@oaic.gov.au,PATIENT,Enoch,Brignell,2002-05-24,false,2004-05-24,true,2005-05-24,LAO
aa276238-0e5e-466d-809c-abdfa36965bc,gobbardu@princeton.edu,PATIENT,Yvan,Obbard,2002-10-04,true,2004-10-04,false,2005-10-04,TGO
a4acd9b2-57b5-42c8-90cb-7e7bb8390b24,dsowtenv@spiegel.de,PATIENT,Diana,Sowten,1927-01-02,true,1929-01-02,false,1930-01-02,TUN
f5dbb4f0-1b94-4983-a264-1ba72bb7cd93,cormanw@clickbank.net,PATIENT,Clovis,Orman,1952-02-03,true,1954-02-03,true,1955-02-03,MRT
dfbba247-64cb-4fb4-b7d1-4049fa3196b4,apomphrettx@nsw.gov.au,PATIENT,Albert,Pomphrett,1969-07-21,true,1971-07-21,true,1972-07-21,SAU
9022cb4c-adac-428d-996d-fa55f9021d61,cbroadnickey@whitehouse.gov,PATIENT,Cello,Broadnicke,1939-07-12,false,1941-07-12,false,1942-07-12,LBR
9ef2691f-f736-482c-89c8-ad58bc4cff5b,jelgiez@merriam-webster.com,PATIENT,Jerrilee,Elgie,1997-08-02,false,1999-08-02,false,2000-08-02,ERI
66b0ee04-8567-44a6-93fe-ee964ca80036,grist10@discuz.net,PATIENT,Glen,Rist,1949-11-05,true,1951-11-05,false,1952-11-05,IRN
17c4021f-4189-4f28-bd71-f1bfe1e8875f,dmussington11@livejournal.com,PATIENT,Daphna,Mussington,1976-05-20,true,1978-05-20,true,1979-05-20,SUI
ff641b4a-c057-4a94-b7ea-529e5005cea8,lgrzelczak12@jugem.jp,PATIENT,Laurella,Grzelczak,1959-02-15,false,1961-02-15,false,1962-02-15,UGA
fa0bf6d6-b53e-4e7e-939a-5308d8bb335c,ftreversh13@yahoo.co.jp,PATIENT,Fidela,Treversh,1939-07-23,false,1941-07-23,true,1942-07-23,MYS
7f1bcf24-8330-45b5-8a4d-024f0e7e621a,tmatteotti14@irs.gov,ADMIN,Toddy,Matteotti,1936-10-03,true,1938-10-03,false,1939-10-03,MAR
accef475-a855-4343-87f1-0ecc5bbc5291,cfarress15@nymag.com,PATIENT,Chrystal,Farress,1946-08-21,true,1948-08-21,false,1949-08-21,ZMB
ce07b6e4-ab37-4633-97f1-1acbdf2e5c7d,mgussie16@prlog.org,PATIENT,Mayer,Gussie,2003-01-20,true,2005-01-20,true,2006-01-20,QAT
9163928a-78bb-4ae1-a450-8038c1337a5d,lblundin17@usatoday.com,PATIENT,Lindy,Blundin,1997-12-29,true,1999-12-29,true,2000-12-29,MDG
c0e15406-b9c6-4c2b-b94a-7706acb13b56,ccorton18@skype.com,ADMIN,Chester,Corton,1950-04-18,true,1952-04-18,false,1953-04-18,GBR
39d71f9d-e7c2-4612-a978-b15dbf589a1e,dsambath19@harvard.edu,PATIENT,Duffy,Sambath,1950-01-13,false,1952-01-13,false,1953-01-13,SOM
3ed350af-d4c8-4f1b-88cd-007b63d99697,wawton1a@weather.com,PATIENT,Winni,Awton,1964-09-17,false,1966-09-17,false,1967-09-17,KEN
6ba743a0-5600-4f02-9c59-a43804f3c293,kjanoch1b@google.de,PATIENT,Kenyon,Janoch,2005-02-23,false,2007-02-23,true,2008-02-23,MEX
9617471b-f555-4cf6-bf10-fae25a05e303,hmicheu1c@shutterfly.com,PATIENT,Hollis,Micheu,1983-07-20,false,1985-07-20,true,1986-07-20,BWA
28aca7e4-961c-425a-9b87-37c4f14c49c7,smedler1d@ebay.com,PATIENT,Smitty,Medler,1933-05-28,true,1935-05-28,true,1936-05-28,UGA
8d217d05-d74e-4b3a-bd93-f85f9230895b,rdanslow1e@timesonline.co.uk,PATIENT,Ruthi,Danslow,1952-07-04,true,1954-07-04,false,1955-07-04,MRT
427dc2c9-4c21-48a8-aafa-845713c952bb,jchace1f@i2i.jp,PATIENT,Jacqueline,Chace,1935-01-04,false,1937-01-04,false,1938-01-04,CAF
39dfef57-060c-4321-9b7a-a32d33987398,hbuney1g@buzzfeed.com,PATIENT,Hakeem,Buney,1973-07-27,false,1975-07-27,false,1976-07-27,ZMB
7956401a-0ad4-4f79-900c-22f70a9c31fe,cwoodfield1h@desdev.cn,PATIENT,Cherie,Woodfield,1984-01-13,false,1986-01-13,true,1987-01-13,KEN
cf6dcb3b-4599-429d-9265-3a98ff5087a8,omottershead1i@stanford.edu,PATIENT,Oliy,Mottershead,1988-03-10,false,1990-03-10,false,1991-03-10,AUT
ca4ab8f6-56c1-406c-b340-b241a1cb3451,hbowlesworth1j@ox.ac.uk,PATIENT,Hillyer,Bowlesworth,1937-10-17,true,1939-10-17,true,1940-10-17,SOM
1476077f-0c6d-4fc5-8c9f-4e57c2630fa2,kdran1k@blogtalkradio.com,PATIENT,Kendre,Dran,2002-06-30,false,2004-06-30,false,2005-06-30,DJI
57b65e11-c14b-49ba-b1f0-3f8575787ec3,ezecchi1l@wired.com,PATIENT,Emmet,Zecchi,1996-09-17,false,1998-09-17,true,1999-09-17,SSD
d6be62a9-0da4-435b-8389-eb34ca1a083f,jstonelake1m@nifty.com,PATIENT,Jeromy,Stonelake,1934-09-08,false,1936-09-08,true,1937-09-08,KEN
4397d75f-fb65-4e4f-88a2-797b3d672fb2,chuyge1n@patch.com,PATIENT,Charlton,Huyge,1994-03-17,true,1996-03-17,false,1997-03-17,POR
bae3db5b-157f-4e66-9c99-534ad1c00a63,mcondliffe1o@marriott.com,PATIENT,Marlyn,Condliffe,1973-12-20,true,1975-12-20,false,1976-12-20,FRA
8fb14729-80a6-48b3-8480-64f72b2084bb,xjuorio1p@auda.org.au,PATIENT,Xaviera,Juorio,1956-01-27,true,1958-01-27,false,1959-01-27,BDI
f2d24cde-fb1b-4112-b31e-1cae377d8231,sharmon1q@foxnews.com,PATIENT,Sherri,Harmon,1988-01-19,true,1990-01-19,false,1991-01-19,NZL
1ab06483-2ee2-48c6-95ed-014463874d18,dantonelli1r@patch.com,PATIENT,Devonne,Antonelli,1938-04-24,true,1940-04-24,true,1941-04-24,POR
780ed57c-3ef9-487d-8f62-f29c3133b483,ngavahan1s@timesonline.co.uk,PATIENT,Norman,Gavahan,1989-11-04,false,1991-11-04,true,1992-11-04,SSD
932b160f-3548-45f5-b1b4-1d1c3b06e52c,dlenney1t@wikispaces.com,PATIENT,Dino,Lenney,1963-02-13,true,1965-02-13,false,1966-02-13,PAK
5651a13e-09de-4bd7-aa51-98268ea74ce2,eadlam1u@google.co.jp,PATIENT,Ermanno,Adlam,1952-04-06,true,1954-04-06,false,1955-04-06,SOM
dfda2c69-3a82-44c0-8304-fb227a558ed4,sgeockle1v@sfgate.com,PATIENT,Salem,Geockle,1936-10-15,true,1938-10-15,false,1939-10-15,TUN
87983fea-d377-4369-8eb8-4413a4717dd1,dscole1w@spiegel.de,PATIENT,Daven,Scole,1954-01-11,false,1956-01-11,false,1957-01-11,LBY
97986559-15e0-433a-86f0-0adcac88a9ea,rleuty1x@gravatar.com,PATIENT,Rosette,Leuty,2003-11-13,false,2005-11-13,true,2006-11-13,COL
6830cc0d-053d-4161-b7c3-f0b9b2bb33cd,smeeking1y@unblog.fr,PATIENT,Sarette,Meeking,1980-08-13,true,1982-08-13,false,1983-08-13,BFA
d2dcdb0f-a0cb-4d40-9f06-e6f85f01a052,aslowgrove1z@arstechnica.com,PATIENT,Anthony,Slowgrove,1973-03-14,false,1975-03-14,false,1976-03-14,RWA
f3d6b43d-3ebf-4fc5-8121-8bc70429db29,gclamp20@sogou.com,PATIENT,Gwenny,Clamp,1992-06-15,true,1994-06-15,false,1995-06-15,GNQ
ea5d2d11-5b05-4f29-abf6-2ffe749a50bc,eruane21@whitehouse.gov,PATIENT,Elly,Ruane,1936-02-01,true,1938-02-01,true,1939-02-01,SLE
5f679090-712e-49ec-8390-187517f05b53,hlivermore22@yale.edu,PATIENT,Haskel,Livermore,1950-07-21,true,1952-07-21,false,1953-07-21,SSD
61b5b0b0-9167-4fc4-a66c-7a607c6c8876,mkensall23@mlb.com,PATIENT,Markus,Kensall,1995-12-13,false,1997-12-13,true,1998-12-13,GIN
8794c6eb-3cd1-4e57-8980-78c0d21fc931,rjendrusch24@dmoz.org,PATIENT,Rhoda,Jendrusch,1972-07-31,false,1974-07-31,true,1975-07-31,CHN
e00c08fc-cd9a-4522-9c0c-44f69962b914,wahearne25@webeden.co.uk,PATIENT,Wilt,Ahearne,1993-02-14,false,1995-02-14,true,1996-02-14,COD
9ad8e810-c13d-46f4-89bf-39d8e948a62c,agiacubo26@weebly.com,PATIENT,Artemas,Giacubo,1969-08-05,true,1971-08-05,false,1972-08-05,IRQ
f6f32be4-cae3-4688-a018-eb0422ea91a5,fofield27@sciencedirect.com,PATIENT,Fae,Ofield,1991-02-16,false,1993-02-16,true,1994-02-16,SSD
efc9b21e-72aa-49d9-b625-5ef18362edae,lheare28@buzzfeed.com,PATIENT,Lucilia,Heare,1940-11-27,false,1942-11-27,false,1943-11-27,SUI
1d0dc5fc-fc77-4462-810d-d2dcffd206e6,jdavidovic29@patch.com,PATIENT,Justinian,Davidovic,2003-04-01,true,2005-04-01,true,2006-04-01,COL
aab18fe3-6bb2-46c8-94d4-37d3539d8112,mlghan2a@eventbrite.com,PATIENT,Murial,Lghan,1936-08-25,true,1938-08-25,false,1939-08-25,AGO
63cc7459-acee-4317-973a-9bec9afdd9c4,aace2b@who.int,PATIENT,Anne-corinne,Ace,1992-05-24,false,1994-05-24,false,1995-05-24,SEN
21cdd91f-4f42-477c-b659-f83f91c7813e,palenin2c@delicious.com,PATIENT,Perren,Alenin,1974-05-19,true,1976-05-19,false,1977-05-19,TZA
b8ec1402-f2fd-4d6b-92de-eb44947b18d2,ekeigher2d@is.gd,PATIENT,Elissa,Keigher,1927-07-04,true,1929-07-04,true,1930-07-04,LBY
20b20ddc-c2a8-4ea6-967f-3354536a8a57,acotta2e@networkadvertising.org,PATIENT,Alfonso,Cotta,1978-01-10,false,1980-01-10,false,1981-01-10,SWE
59cfcbf9-7e84-4db8-a88c-5c47b523f375,lslate2f@sitemeter.com,PATIENT,Livvie,Slate,1951-02-07,true,1953-02-07,false,1954-02-07,GNQ
3fcde5c8-9406-4898-8f50-7f20d1944e24,rcoltman2g@de.vu,PATIENT,Roderich,Coltman,1964-05-09,true,1966-05-09,false,1967-05-09,SGP
b41e4359-400c-4ecb-823a-5b426c5bd4b3,gbrassill2h@reddit.com,PATIENT,Galen,Brassill,1990-10-08,true,1992-10-08,true,1993-10-08,TUN
69641924-a19d-43ca-9a4c-2ccc01883207,rohengerty2i@sogou.com,PATIENT,Rance,O'Hengerty,1991-03-12,false,1993-03-12,true,1994-03-12,MRT
f13ea437-2cdf-49be-ac81-6b0b850814bd,cblasetti2j@slideshare.net,PATIENT,Cello,Blasetti,1982-03-24,true,1984-03-24,true,1985-03-24,ETH
0acbf737-8540-4e69-9ba6-f54120998d51,mderrington2k@biblegateway.com,PATIENT,Marshal,Derrington,1982-01-29,true,1984-01-29,true,1985-01-29,TCD
6e5ec50b-67b4-4e22-920a-91cc3a97a566,mca2l@rediff.com,PATIENT,Melessa,Ca,1962-04-29,false,1964-04-29,true,1965-04-29,MRT
33a07165-4971-4082-ad54-cd62f6798e6b,gcomsty2m@narod.ru,PATIENT,Gregoire,Comsty,1973-07-22,true,1975-07-22,true,1976-07-22,SDN
b1f7092f-7a92-4d89-b33b-a00c22c7c036,lgarms2n@networksolutions.com,PATIENT,Lilah,Garms,1983-03-29,true,1985-03-29,false,1986-03-29,SSD
49cc8112-bb69-4b59-a085-2a90f323e7df,avondrys2o@issuu.com,PATIENT,Abeu,Vondrys,1990-05-14,true,1992-05-14,false,1993-05-14,SDN
88d0de53-4a9a-4754-9342-cd329340082e,sswinburne2p@state.gov,PATIENT,Sibilla,Swinburne,1976-10-20,true,1978-10-20,false,1979-10-20,ITA
e8f0ff94-4c25-47ba-8ee6-242468fdc0e7,hatcock2q@wikia.com,PATIENT,Huntley,Atcock,1981-04-20,true,1983-04-20,true,1984-04-20,ITA
49fed448-e44b-4719-8779-f237f3ed8ccd,wawde2r@51.la,PATIENT,Windy,Awde,1992-10-02,true,1994-10-02,false,1995-10-02,ETH
1ccc325c-1396-4c65-9bed-9e2256b5c16e,gfincken2s@fotki.com,PATIENT,Gilburt,Fincken,1979-09-05,false,1981-09-05,false,1982-09-05,CHL
80ae4d38-adc1-45dd-a9cc-841661f1b352,psavil2t@marriott.com,PATIENT,Peggy,Savil,1985-03-07,true,1987-03-07,false,1988-03-07,BWA
da044d73-6db8-4b70-a0c5-c11764bc7d5c,jjulyan2u@illinois.edu,PATIENT,Justine,Julyan,1927-12-30,true,1929-12-30,false,1930-12-30,SOM
1fb44e86-33ed-40d3-992a-8590eacc376c,cromanin2v@mayoclinic.com,PATIENT,Carlie,Romanin,1930-07-14,false,1932-07-14,true,1933-07-14,TZA
ee763875-a676-4a00-9789-f73d827c43d4,dwentworth2w@ovh.net,PATIENT,Dwayne,Wentworth,1936-04-14,true,1938-04-14,false,1939-04-14,ZAF
62a22b7c-521a-4a47-b680-84d8b6d87ab7,dhillitt2x@hud.gov,PATIENT,Diandra,Hillitt,1980-05-20,true,1982-05-20,true,1983-05-20,NER
7e22827f-393c-4b8b-b559-b66cf6f01259,wfudge2y@msu.edu,PATIENT,Wallis,Fudge,1928-07-08,false,1930-07-08,false,1931-07-08,LBR
d84a5b26-5661-492b-80f7-17de8a2b7cef,kriccioppo2z@opera.com,PATIENT,Kira,Riccioppo,1992-09-01,false,1994-09-01,true,1995-09-01,RWA
90f35365-e39a-4fdc-aeab-e68126e71aa7,mkightly30@msu.edu,PATIENT,Melly,Kightly,1989-05-24,false,1991-05-24,false,1992-05-24,TUN
2af86854-260b-4e82-8c33-e284b7f3429d,hleynham31@ted.com,PATIENT,Horten,Leynham,1975-03-29,true,1977-03-29,false,1978-03-29,DEN
8bf802d3-8f34-4bb0-84a6-b7bc942417c9,ljelphs32@themeforest.net,PATIENT,Ludwig,Jelphs,1951-11-27,true,1953-11-27,true,1954-11-27,BEN
c42a97ac-bcd4-4710-ab42-1c61f5705a31,eosirin33@com.com,PATIENT,Elton,O'Sirin,2002-12-15,false,2004-12-15,false,2005-12-15,BDI
26e98029-f8f4-498d-b8a1-550b7d6e4d64,ggrane34@cornell.edu,PATIENT,Goldi,Grane,1954-06-16,true,1956-06-16,false,1957-06-16,IRQ
9e46c481-31c4-4852-b6b6-7d08bf8c3789,gbosley35@nature.com,PATIENT,Gifford,Bosley,1938-05-06,true,1940-05-06,false,1941-05-06,SGP
b60f52b3-9675-4270-8848-e7e5c18dd624,ptillard36@oaic.gov.au,ADMIN,Paul,Tillard,1985-02-15,true,1987-02-15,true,1988-02-15,CZE
ef22f7f0-90fe-471a-b15a-5d4e464bf69f,mpetry37@google.co.uk,PATIENT,Modestia,Petry,2002-04-13,false,2004-04-13,true,2005-04-13,SSD
578be58a-6fc0-4c80-94bb-3806b5b55ff2,erookes38@microsoft.com,ADMIN,Evvy,Rookes,1994-06-21,false,1996-06-21,true,1997-06-21,UGA
b86df94a-dc48-4001-95ac-3d1157b47c82,hbradnick39@tumblr.com,PATIENT,Hervey,Bradnick,1993-02-25,false,1995-02-25,false,1996-02-25,BDI
9628e202-8b11-4b8f-9ac2-45fb09a9ec04,dcuerdale3a@pinterest.com,PATIENT,Donni,Cuerdale,1967-02-05,true,1969-02-05,true,1970-02-05,BEN
24b03db1-c1b5-4d78-974d-c1c5ff70ca57,erickman3b@cnbc.com,PATIENT,Elsey,Rickman,1995-08-12,false,1997-08-12,false,1998-08-12,AUT
52bf6717-0e4b-48ab-9e4e-7960b88e9455,dcorrao3c@live.com,PATIENT,Darwin,Corrao,1986-10-12,false,1988-10-12,true,1989-10-12,SSD
666e7535-80f6-4290-8cce-4bf7112c096b,rvarcoe3d@blogspot.com,PATIENT,Rebecca,Varcoe,1939-10-24,true,1941-10-24,true,1942-10-24,TCD
ff7f0e81-147d-4d4d-a756-f419814b4305,ewalhedd3e@mapquest.com,PATIENT,Elberta,Walhedd,1947-02-13,false,1949-02-13,true,1950-02-13,TZA
a13cf834-1338-4f0a-8c59-c395118f1093,lshooter3f@dagondesign.com,PATIENT,Laetitia,Shooter,1972-01-28,false,1974-01-28,false,1975-01-28,ETH
f07ee4f3-3a3c-447a-bfdf-dee7248d008a,cperritt3g@auda.org.au,PATIENT,Cariotta,Perritt,1986-09-18,false,1988-09-18,false,1989-09-18,UGA
fe2f5ac1-1c5b-41c4-bb74-dfff22514abc,dindge3h@so-net.ne.jp,PATIENT,Dana,Indge,1946-12-12,true,1948-12-12,false,1949-12-12,GRE
a51221c2-7bfa-4b15-92f2-f85df806e683,lstlouis3i@independent.co.uk,PATIENT,Ludwig,St. Louis,1989-08-21,false,1991-08-21,false,1992-08-21,AUT
2d93045c-34fd-45ba-b2f8-0ce449fba184,noldford3j@typepad.com,PATIENT,Nannette,Oldford,1992-06-19,true,1994-06-19,false,1995-06-19,ZMB
024231b7-05a3-4053-bf10-437ef2a45bf3,lbellino3k@spotify.com,PATIENT,Letty,Bellino,1999-12-26,false,2001-12-26,false,2002-12-26,BRA
4b70cf47-004c-41c4-a04a-b87b584b803f,drobak3l@delicious.com,ADMIN,Dorrie,Robak,1968-05-07,true,1970-05-07,false,1971-05-07,ZAF
720c64bf-edca-4388-964f-7a625d02ed73,smorcomb3m@xinhuanet.com,ADMIN,Stafani,Morcomb,2006-04-29,false,2008-04-29,false,2009-04-29,MMR
37e6f12c-4ecd-4b0f-9584-4f430b0b11d0,mreinert3n@blog.com,PATIENT,Milka,Reinert,1947-12-22,false,1949-12-22,true,1950-12-22,UGA
4819c4a5-eb5c-417f-bfd2-4cdb1d4b189e,phovel3o@senate.gov,PATIENT,Pinchas,Hovel,1929-02-04,true,1931-02-04,false,1932-02-04,ERI
51e6327f-3e04-401e-8a7f-f431d1b88362,mjosephson3p@imgur.com,ADMIN,Morgen,Josephson,1937-09-25,false,1939-09-25,true,1940-09-25,UGA
aba57e31-39eb-4024-9602-0b209ad150c9,dkeppe3q@sina.com.cn,PATIENT,Daisey,Keppe,1998-06-07,true,2000-06-07,true,2001-06-07,FRA
98406e38-89f9-45ae-b89b-34dea224d258,vmccard3r@smugmug.com,ADMIN,Viki,McCard,1951-04-13,true,1953-04-13,true,1954-04-13,SOM
2421cd47-4ca8-433d-8142-a8c50941a142,rpowell3s@bluehost.com,PATIENT,Rabbi,Powell,1953-09-03,true,1955-09-03,false,1956-09-03,DEN
44a8356f-bf16-4612-b3b1-e374fc28834e,dsandiland3t@shop-pro.jp,PATIENT,Deck,Sandiland,1998-05-31,false,2000-05-31,true,2001-05-31,ZMB
b6b1d68c-6406-419d-9bf2-4bdbd9f8065f,slofts3u@shareasale.com,PATIENT,Stirling,Lofts,1934-08-17,false,1936-08-17,false,1937-08-17,PAK
4f9660b0-ca38-4d82-8a34-b205d58a60fc,ncaughtry3v@macromedia.com,PATIENT,Naomi,Caughtry,1973-03-23,true,1975-03-23,false,1976-03-23,SOM
5879a6b8-fde7-4d80-8c6e-c9de34040bbf,vtrunchion3w@cpanel.net,PATIENT,Verile,Trunchion,1989-12-09,false,1991-12-09,false,1992-12-09,ZWE
d44bb915-6d79-4e0e-abf4-a6f85976cb85,rskypp3x@nydailynews.com,PATIENT,Roobbie,Skypp,1985-03-08,true,1987-03-08,true,1988-03-08,COD
5782898a-ed75-4b4e-aff7-4e8df9d039a5,astrathdee3y@google.fr,PATIENT,Aguie,Strathdee,1976-02-11,true,1978-02-11,true,1979-02-11,HUN
ea40ffa0-2fa3-4a2c-bbb0-2aa16543304c,cwoodfield3z@japanpost.jp,PATIENT,Cobb,Woodfield,1970-07-17,false,1972-07-17,false,1973-07-17,SAU
02dd02c7-36e6-4cbf-aa44-7a7d16643f05,lfitzroy40@angelfire.com,PATIENT,Lila,Fitzroy,1992-07-11,true,1994-07-11,true,1995-07-11,DJI
773c81d7-7e43-4fe8-9ae9-69f4f0d71b0a,mclever41@reuters.com,PATIENT,Manuel,Clever,1952-01-25,false,1954-01-25,true,1955-01-25,KEN
da933f94-fc86-42f3-99b4-63a1c65019f2,mardling42@sakura.ne.jp,ADMIN,Margarethe,Ardling,1999-07-18,false,2001-07-18,true,2002-07-18,COL
fb1c6d17-e59a-49dc-b6f8-7dac56d358c1,oraubheim43@bandcamp.com,PATIENT,Olva,Raubheim,1994-11-17,true,1996-11-17,false,1997-11-17,GHA
56fbc77c-9c8b-4477-aa76-a2f9479310a5,ssimpson44@linkedin.com,PATIENT,Sander,Simpson,1981-10-14,false,1983-10-14,false,1984-10-14,IRN
e728bdeb-b225-4d0e-89da-4c882327cd0a,cbadham45@ezinearticles.com,PATIENT,Corly,Badham,1998-10-30,false,2000-10-30,false,2001-10-30,SSD
9f50f499-4b95-4dab-896d-046ae49cc62d,showcroft46@wikispaces.com,PATIENT,Susi,Howcroft,1972-08-27,true,1974-08-27,false,1975-08-27,FRA
072a3f94-96bd-46ed-acb1-e32e1de5e722,hinch47@cmu.edu,PATIENT,Haley,Inch,1935-10-09,false,1937-10-09,false,1938-10-09,GMB
9262a39c-6f80-48e6-8a8a-00400121d8a5,vsparshatt48@cisco.com,PATIENT,Velma,Sparshatt,1963-01-30,false,1965-01-30,false,1966-01-30,BDI
3b3e6e98-429c-4468-a980-38852c8b436c,emates49@twitpic.com,PATIENT,Enid,Mates,1971-11-27,false,1973-11-27,false,1974-11-27,LBR
ac67941f-5cd1-47f1-977c-1192164a73dd,sannable4a@devhub.com,PATIENT,Sara,Annable,1990-05-23,true,1992-05-23,false,1993-05-23,EGY
b229ab2d-32cd-452b-98e2-b24e0eb521c8,hmcwhinnie4b@nydailynews.com,ADMIN,Honor,Mcwhinnie,1974-01-03,false,1976-01-03,false,1977-01-03,TUN
5c7212a9-b41f-4379-b1c1-15c83ffac23d,wgrindle4c@jimdo.com,PATIENT,Wylie,Grindle,1974-02-05,false,1976-02-05,false,1977-02-05,LAO
a2fbce95-9f18-445b-9a6e-60261c758d28,jlesurf4d@blogger.com,PATIENT,Jake,Le Surf,1954-07-21,false,1956-07-21,true,1957-07-21,BFA
a330f735-edc1-4864-9a79-b6e0c5b9e16e,sstudman4e@ning.com,ADMIN,Shermie,Studman,1971-03-21,true,1973-03-21,true,1974-03-21,CUB
54d7c971-3501-4aa0-ba58-a054533d786d,gdavidde4f@newsvine.com,PATIENT,Gretna,Davidde,1925-08-31,true,1927-08-31,false,1928-08-31,DJI
67c21335-da7f-4cca-b0d8-6dc235e346f6,katkin4g@wunderground.com,PATIENT,Katrina,Atkin,1987-05-06,true,1989-05-06,true,1990-05-06,MUS
8283d7b5-1d60-4871-95e5-db7b3ad9b257,nlarraway4h@hatena.ne.jp,PATIENT,Noni,Larraway,1996-08-04,false,1998-08-04,false,1999-08-04,GIN
9d3c02c2-8118-4619-aa1c-c7c05f16dd2f,ebenitez4i@pagesperso-orange.fr,PATIENT,Eva,Benitez,1933-04-02,true,1935-04-02,true,1936-04-02,MLI
f9f80803-ba12-4b72-9dc6-69da0a7f7ea7,jmulryan4j@ustream.tv,PATIENT,Jannel,Mulryan,1998-03-24,true,2000-03-24,false,2001-03-24,SOM
1dc623f6-95da-41d1-b36e-1f22fe29bfab,glindblom4k@virginia.edu,PATIENT,Georgetta,Lindblom,1944-01-27,false,1946-01-27,false,1947-01-27,KEN
0459a071-b597-4bbb-b87a-21f34a263247,esandiland4l@twitter.com,PATIENT,Emmalynne,Sandiland,1976-05-12,false,1978-05-12,true,1979-05-12,ETH
958553cc-399b-4243-93c3-0f8089d79b94,mokeaveny4m@economist.com,PATIENT,Maynord,O'Keaveny,1964-03-31,true,1966-03-31,true,1967-03-31,TCD
0b816d48-6aca-4196-bd32-a4957496c6c4,mmaciocia4n@goo.ne.jp,PATIENT,Max,Maciocia,1963-07-16,false,1965-07-16,false,1966-07-16,SEN
ac08087e-6ad9-46bf-8a86-c019e8130b5e,aguppie4o@tinyurl.com,PATIENT,Alyssa,Guppie,1989-06-15,true,1991-06-15,false,1992-06-15,BEL
69052781-afa7-4ad1-879b-992a773c453b,shillhouse4p@studiopress.com,PATIENT,Sterling,Hillhouse,1942-09-25,true,1944-09-25,true,1945-09-25,TZA
410e65d5-589e-43ec-9de9-afbb79fbd888,mscolland4q@whitehouse.gov,PATIENT,Mari,Scolland,1953-01-15,true,1955-01-15,false,1956-01-15,SDN
0dec38d8-84e5-4835-aaff-e464ee460d38,mmapam4r@smh.com.au,PATIENT,Madelyn,Mapam,1945-11-30,false,1947-11-30,false,1948-11-30,HUN
071d3465-347f-4680-81fb-9353aad9e15d,hburren4s@godaddy.com,PATIENT,Hamlen,Burren,1976-11-20,false,1978-11-20,false,1979-11-20,BDI
f0acd7f2-99cf-49d8-b024-fa44815b6964,bmallan4t@themeforest.net,PATIENT,Benita,Mallan,1967-07-08,false,1969-07-08,false,1970-07-08,CAN
09978da3-87e6-4ac9-acc4-f7fe26639e23,rkonzel4u@wikipedia.org,PATIENT,Rodrick,Konzel,1952-10-22,true,1954-10-22,true,1955-10-22,EGY
a623279a-9613-4366-8b59-cd1d3dd4e42c,fpinder4v@thetimes.co.uk,ADMIN,Florri,Pinder,1984-01-05,true,1986-01-05,true,1987-01-05,CHN
73398381-a602-4cac-a3da-8bc2ea7faef0,awotton4w@list-manage.com,PATIENT,Anna-diana,Wotton,1979-01-21,false,1981-01-21,false,1982-01-21,ERI
86f3e0e7-9a44-421c-8f4c-7f8e174b70fb,xpinson4x@deviantart.com,PATIENT,Xenia,Pinson,1998-03-19,true,2000-03-19,false,2001-03-19,GIN
f76deae3-cc1d-4ccf-9486-c17ce2a68dde,ttwinn4y@pen.io,PATIENT,Tomasine,Twinn,1934-07-01,true,1936-07-01,true,1937-07-01,CIV
9506c9da-bd11-433e-83f1-01da72a2fd73,spatrick4z@addtoany.com,PATIENT,Shay,Patrick,1928-02-12,true,1930-02-12,false,1931-02-12,PAK
37d3a9eb-0aec-45c3-9597-e112c11a1125,modornan50@macromedia.com,PATIENT,Merrily,O' Dornan,1962-10-09,false,1964-10-09,true,1965-10-09,CMR
018f3635-5c3f-4ef0-80ca-8f21e86fd4ba,awallett51@mail.ru,PATIENT,Adiana,Wallett,1953-12-21,true,1955-12-21,true,1956-12-21,EGY
9c0861d9-688e-4f7e-b834-3807200f0c0c,umckomb52@github.io,PATIENT,Ulrika,McKomb,1976-11-02,true,1978-11-02,false,1979-11-02,COG
e5db3d05-82fd-498b-844c-5b27adbb5eeb,cstannett53@yellowpages.com,PATIENT,Clark,Stannett,1935-09-09,false,1937-09-09,false,1938-09-09,COG
d5098840-8dfa-4ea0-a584-dade769e5df0,babraham54@privacy.gov.au,PATIENT,Baxie,Abraham,2004-08-27,true,2006-08-27,false,2007-08-27,TZA
d15cc39e-8dfe-4e6b-9601-bf74020bf132,mgontier55@gmpg.org,PATIENT,Meredeth,Gontier,1934-10-29,false,1936-10-29,false,1937-10-29,USA
e90d2cb2-57b4-47a9-9767-8ec8884ef4df,kacton56@discuz.net,PATIENT,Karlen,Acton,1999-06-07,false,2001-06-07,false,2002-06-07,RUS
0d16c0ed-c06e-4722-b2fb-02871fc17c76,areisenberg57@time.com,ADMIN,Annemarie,Reisenberg,1936-04-24,false,1938-04-24,true,1939-04-24,ETH
3557efe2-6d47-4dee-852b-83e28615f3f9,kknellen58@wordpress.com,PATIENT,Korella,Knellen,1959-01-18,true,1961-01-18,false,1962-01-18,AUT
97bda273-7a49-448d-942c-490d3324c694,znowak59@reverbnation.com,ADMIN,Zolly,Nowak,1978-01-29,true,1980-01-29,true,1981-01-29,GMB
71767bff-fed7-4adb-8df4-b347b999bfb9,agamblin5a@live.com,PATIENT,Adi,Gamblin,1956-10-20,false,1958-10-20,false,1959-10-20,GRE
d2efde03-6b04-491c-bfcd-71e5ce715a59,amackrell5b@home.pl,PATIENT,Arden,Mackrell,1950-06-08,false,1952-06-08,true,1953-06-08,ERI
8650d98c-9ca9-490d-8827-ae5aca0193e9,abarrass5c@blogger.com,PATIENT,Ali,Barrass,1953-11-09,false,1955-11-09,false,1956-11-09,ZMB
e41f3a3c-7f38-4dbb-a06b-f16baab8a240,dcarletto5d@edublogs.org,ADMIN,Darby,Carletto,1962-09-23,true,1964-09-23,false,1965-09-23,ESH
09c9e8bb-d341-472a-b7bf-3fd591d9dce8,amarcham5e@themeforest.net,PATIENT,Aigneis,Marcham,1984-08-16,false,1986-08-16,true,1987-08-16,BDI
c6d6ce71-8342-4843-8d40-c41c77c8c6e3,hconnell5f@wikia.com,PATIENT,Holmes,Connell,1935-07-06,false,1937-07-06,true,1938-07-06,BDI
c44b42fa-9e59-4570-857c-306185285770,cdomb5g@state.gov,PATIENT,Chance,Domb,1945-10-02,true,1947-10-02,false,1948-10-02,MAR
1019b63d-5035-45ce-a4ed-423a2a5e6688,afinkle5h@fastcompany.com,PATIENT,Anna,Finkle,1979-08-17,true,1981-08-17,false,1982-08-17,NER
6ee73ef0-23f6-4eb6-bbad-51b21c412eb0,wvonsalzberg5i@opensource.org,PATIENT,Waneta,Von Salzberg,1983-01-23,true,1985-01-23,true,1986-01-23,LBR
5cd1f307-7414-4a57-a786-989347aa1fa9,dkielty5j@dyndns.org,PATIENT,Dredi,Kielty,1983-09-07,true,1985-09-07,true,1986-09-07,SUI
ce10d243-a2a2-4c9c-9677-8808b5a429f4,acarlisi5k@about.com,PATIENT,Arabele,Carlisi,1951-05-03,false,1953-05-03,true,1954-05-03,CZE
15cbd953-a895-457d-b5bc-96652720bad2,ldavidde5l@diigo.com,ADMIN,Lari,Davidde,1946-11-02,true,1948-11-02,true,1949-11-02,MLI
c7b48d48-2af3-4a89-80c7-9188e1569bea,tpearse5m@istockphoto.com,PATIENT,Tabatha,Pearse,1971-04-22,true,1973-04-22,false,1974-04-22,MWI
8599aaab-ce43-4aaf-8d0c-6f35851b43e6,aguidini5n@microsoft.com,PATIENT,Anallese,Guidini,1956-11-21,true,1958-11-21,true,1959-11-21,ERI
a5cf1bee-35d4-4fa4-91ba-65567dce0c0d,spellman5o@weather.com,PATIENT,Skipp,Pellman,1982-12-24,false,1984-12-24,false,1985-12-24,LBR
10333e2e-726c-48a1-9cb8-bc000dd4187f,ifrizzell5p@i2i.jp,PATIENT,Idaline,Frizzell,1936-04-15,true,1938-04-15,true,1939-04-15,IDN
c59c9e10-b663-4fc0-b17c-5feafe7d858a,dspennock5q@squarespace.com,PATIENT,Doyle,Spennock,1936-08-26,true,1938-08-26,true,1939-08-26,SOM
e56a3f81-00b7-41ec-965b-a1c9548e4d37,akornyshev5r@twitpic.com,PATIENT,Amery,Kornyshev,1983-07-23,true,1985-07-23,false,1986-07-23,JPN
975c593b-1393-4418-8b15-815bf49f032f,cmcdirmid5s@multiply.com,PATIENT,Channa,McDirmid,1992-10-27,true,1994-10-27,true,1995-10-27,CAN
02436f2e-fd98-4039-8171-7d1f95ca3760,cbeedom5t@spiegel.de,PATIENT,Con,Beedom,1983-08-07,false,1985-08-07,false,1986-08-07,LAO
657782fe-dbb5-441e-aa43-c726596886fe,ccreedland5u@reverbnation.com,PATIENT,Cam,Creedland,1970-11-11,false,1972-11-11,true,1973-11-11,DZA
350a4475-c369-4ede-9d3b-318776b47bd5,lkinnie5v@mysql.com,PATIENT,Lenka,Kinnie,1942-08-13,true,1944-08-13,false,1945-08-13,BEL
87ad4331-e266-45c2-be1a-4eb44d92e97a,orene5w@arstechnica.com,PATIENT,Orsola,Rene,1929-10-23,false,1931-10-23,false,1932-10-23,KOR
14958380-f244-438a-9575-294ba70e915a,lcasely5x@tumblr.com,PATIENT,Lurline,Casely,1963-01-08,false,1965-01-08,true,1966-01-08,SEN
c932f92e-2b5f-47a3-b91f-088d934e5ca1,wbrusle5y@businessweek.com,PATIENT,Wolf,Brusle,2000-06-13,true,2002-06-13,true,2003-06-13,PER
661ee172-a654-4a65-9609-5bf620fd3d81,kmcallister5z@nhs.uk,PATIENT,Krystyna,McAllister,1965-03-03,true,1967-03-03,false,1968-03-03,POR
aa12b647-2e93-4a52-85a1-952f91096008,charyngton60@discovery.com,ADMIN,Camile,Haryngton,1999-08-16,true,2001-08-16,false,2002-08-16,SSD
58dad81c-ff2a-4205-aaed-02f3b341da39,eglassman61@bluehost.com,PATIENT,Emera,Glassman,1993-07-17,true,1995-07-17,false,1996-07-17,SDN
673e6dc1-6726-472a-8579-9e536d2cb634,sunsworth62@washington.edu,PATIENT,Shellysheldon,Unsworth,1942-09-13,false,1944-09-13,false,1945-09-13,UGA
e9991be3-8f82-4c5f-81df-071edace2912,fatwool63@cmu.edu,ADMIN,Flossy,Atwool,1984-10-16,false,1986-10-16,true,1987-10-16,TZA
781d3da3-2806-4767-8ae2-535cf22de1cb,pshipway64@adobe.com,PATIENT,Philipa,Shipway,1946-08-12,false,1948-08-12,false,1949-08-12,DJI
4a15c4e2-6b01-43cb-9814-8d4dce597a37,cjenicke65@blogs.com,PATIENT,Cynthia,Jenicke,1973-11-17,true,1975-11-17,false,1976-11-17,ERI
09e87419-09c9-4029-b39d-83cc78fb372e,bwilleson66@youku.com,PATIENT,Blair,Willeson,1997-07-13,false,1999-07-13,false,2000-07-13,TUN
9c219da6-e5a2-440c-8547-82d330fb7194,dmcneil67@cbc.ca,PATIENT,Darill,McNeil,1934-03-16,false,1936-03-16,true,1937-03-16,ESP
2490ec1c-82ff-4690-b281-0f41299708b6,mjanczewski68@ebay.com,PATIENT,Monty,Janczewski,1970-09-22,false,1972-09-22,false,1973-09-22,BDI
b937d260-d5df-4780-8187-7ad7e44b65f7,mkenen69@house.gov,PATIENT,Mimi,Kenen,1966-12-10,true,1968-12-10,true,1969-12-10,KHM
08bc1948-c9ba-4bb3-a557-def1bd494464,lelgey6a@sina.com.cn,PATIENT,Lind,Elgey,1936-01-02,true,1938-01-02,false,1939-01-02,MYS
e0037d68-a192-43e8-bf0a-3a3f326f298f,ebollon6b@earthlink.net,PATIENT,Elisabet,Bollon,1966-09-25,true,1968-09-25,true,1969-09-25,RWA
8fde2cd4-8a2a-48b2-832d-5010a02f9379,aserjeantson6c@gravatar.com,PATIENT,Alyse,Serjeantson,1992-04-29,false,1994-04-29,true,1995-04-29,COG
6e86e5b2-4894-4991-9ead-4c3fe33d48ae,lslainey6d@taobao.com,PATIENT,Lynne,Slainey,1944-07-05,false,1946-07-05,false,1947-07-05,EGY
655642ec-3efb-4cf5-9f4e-b556b4166343,rhowbrook6e@usa.gov,PATIENT,Randie,Howbrook,1929-07-06,true,1931-07-06,false,1932-07-06,ESP
2222b5dc-9b27-4f1f-af51-fcfa86803577,wblachford6f@mail.ru,PATIENT,Willis,Blachford,1947-08-20,true,1949-08-20,false,1950-08-20,NAM
23c4add2-8df3-4afa-9924-e8e4f06114d2,sgulley6g@ebay.com,PATIENT,Stavro,Gulley,1943-06-14,true,1945-06-14,true,1946-06-14,RWA
ee716ad1-e516-496c-afda-e95a68421353,hdarton6h@hexun.com,PATIENT,Hinze,Darton,1941-10-10,true,1943-10-10,true,1944-10-10,POR
c4b18d48-d73c-4107-b0e0-2db499eb97c0,jarnau6i@disqus.com,PATIENT,Jerrilee,Arnau,1971-03-23,false,1973-03-23,false,1974-03-23,SUI
b4f6d4b4-f202-4eee-84b9-c0b9b2aaafe1,ksmallpeice6j@java.com,PATIENT,Kippar,Smallpeice,1947-05-11,false,1949-05-11,true,1950-05-11,SOM
9d3a25e6-143c-4f8f-a554-157684fe2fa5,lhuban6k@xing.com,PATIENT,Lian,Huban,1946-06-11,true,1948-06-11,true,1949-06-11,EGY
16281118-5463-4ab7-8de7-fe09af1ce5c4,movington6l@ovh.net,PATIENT,Merrick,Ovington,1984-05-21,true,1986-05-21,true,1987-05-21,KEN
85a799ce-7688-4484-9891-5a3fece7fbce,mmaestrini6m@e-recht24.de,PATIENT,Merridie,Maestrini,1970-07-07,true,1972-07-07,false,1973-07-07,BWA
2c1a9a85-7fa4-4680-901f-9eca0cfb3df7,bkas6n@fda.gov,PATIENT,Bret,Kas,1927-01-01,false,1929-01-01,true,1930-01-01,ESH
3806c7a8-095e-42c8-af3a-a56bd9f9fe88,lneames6o@lycos.com,PATIENT,Loy,Neames,1998-08-22,true,2000-08-22,false,2001-08-22,SOM
e7f9a024-590d-41e9-8a21-834455e0c6a4,bdowney6p@europa.eu,PATIENT,Brigg,Downey,1997-05-12,true,1999-05-12,false,2000-05-12,TZA
cadc0462-092a-40a1-96c8-09f5482efcb0,olightwing6q@qq.com,PATIENT,Ogdon,Lightwing,1984-08-29,true,1986-08-29,true,1987-08-29,KEN
13e39f02-be10-4e5d-9602-69ebde47a4d5,dedmondson6r@about.com,PATIENT,Derby,Edmondson,1945-05-18,false,1947-05-18,true,1948-05-18,RWA
70f345fd-d1ea-4dd6-a4f0-c358cb65037c,ecrookston6s@mashable.com,PATIENT,Elbert,Crookston,1926-01-11,false,1928-01-11,true,1929-01-11,BEN
030d547e-c987-47b2-9eef-145e0d354ed2,rmasdon6t@comcast.net,PATIENT,Rona,Masdon,1993-02-26,false,1995-02-26,true,1996-02-26,NER
54331571-6c39-44b3-af13-3db38689eb79,gpetyt6u@freewebs.com,PATIENT,Gail,Petyt,1978-07-05,false,1980-07-05,false,1981-07-05,ERI
dd68ecf4-089a-4efa-865a-8eacfe0ee90c,ckalinke6v@cdc.gov,PATIENT,Carmella,Kalinke,1999-02-12,true,2001-02-12,true,2002-02-12,BFA
46c0c485-5e79-4489-9f46-47bfb624a909,rkatzmann6w@is.gd,PATIENT,Ruby,Katzmann,1930-09-08,false,1932-09-08,true,1933-09-08,CAN
f9db7173-c3e3-4b4d-9924-9407d1e1ee2c,asaph6x@moonfruit.com,PATIENT,Amandi,Saph,1934-05-16,true,1936-05-16,false,1937-05-16,PHL
c0999b07-11e0-4526-a388-a16c1af9eb07,jburdess6y@mediafire.com,PATIENT,Joanne,Burdess,1963-11-22,true,1965-11-22,false,1966-11-22,ESH
5fe3c075-db68-44a6-b893-36242ec63213,adefrain6z@newsvine.com,PATIENT,Addison,Defrain,1995-06-02,false,1997-06-02,false,1998-06-02,ETH
c92a653d-cc5a-4bfe-8bc8-a83eb340dd80,rmichal70@nifty.com,PATIENT,Rheba,Michal,1969-06-16,false,1971-06-16,true,1972-06-16,ETH
f62bffd3-ada5-4c83-9c08-87237d703ed2,ptenny71@ehow.com,PATIENT,Pauly,Tenny,1982-10-21,true,1984-10-21,true,1985-10-21,KEN
6c5a7f98-8689-4b61-9834-4486b2f397d5,dramirez72@digg.com,PATIENT,Deerdre,Ramirez,2006-05-13,false,2008-05-13,true,2009-05-13,GER
c59d3496-f7f2-482c-af6f-06b022d6a08c,rcavy73@github.com,PATIENT,Robby,Cavy,1946-06-26,true,1948-06-26,false,1949-06-26,NER
96e36122-116c-4b3f-8822-12586cb78f48,dfadell74@stumbleupon.com,PATIENT,Denis,Fadell,1956-05-11,false,1958-05-11,true,1959-05-11,UGA
605ce63e-5c65-4eaf-acc2-7957224f4446,mlifton75@apache.org,PATIENT,Marci,Lifton,1943-06-12,true,1945-06-12,true,1946-06-12,NZL
a76209f7-6802-4258-aeba-6da810b8962f,gpelchat76@dell.com,PATIENT,Garry,Pelchat,1974-03-29,false,1976-03-29,false,1977-03-29,GAB
c104eac2-1c21-48ed-8a32-a287a9208a19,vmacgovern77@nytimes.com,PATIENT,Vick,MacGovern,1990-04-26,false,1992-04-26,false,1993-04-26,KEN
ea39b56f-9bd5-4631-9729-71cfaea09467,mwason78@icq.com,PATIENT,Mendy,Wason,2001-10-13,true,2003-10-13,true,2004-10-13,BDI
0bf58371-acf9-4728-baef-25ffc6d92f68,zcallway79@springer.com,PATIENT,Zsazsa,Callway,1980-08-16,true,1982-08-16,false,1983-08-16,ETH
495a8c39-a7ac-43f7-b7ec-ccb331766e5a,tturle7a@soundcloud.com,PATIENT,Tricia,Turle,1975-06-19,false,1977-06-19,true,1978-06-19,MOZ
f7e40ef4-ef26-414f-b1e8-9238635b181c,slaverack7b@mediafire.com,ADMIN,Shay,Laverack,1963-02-26,false,1965-02-26,false,1966-02-26,VNM
63bddf4f-068a-4b24-b1e0-fc72b87bc810,eedgell7c@salon.com,PATIENT,Enrika,Edgell,1957-07-23,true,1959-07-23,true,1960-07-23,AUT
12c51662-b0b8-4d16-a15d-88fd103df246,fshorthill7d@seattletimes.com,PATIENT,Feodor,Shorthill,1961-04-01,true,1963-04-01,true,1964-04-01,BWA
ff81e186-393b-4132-942c-7e64acf732c7,bmcritchie7e@wiley.com,PATIENT,Benjy,McRitchie,1968-07-01,true,1970-07-01,true,1971-07-01,PER
86219998-5513-4859-8dfd-aa34ecff8847,jthonason7f@spiegel.de,PATIENT,Justis,Thonason,1989-12-20,false,1991-12-20,true,1992-12-20,AFG
37b5d329-7782-4da6-8d89-acd138729f82,sjecock7g@hexun.com,PATIENT,Shane,Jecock,1961-09-26,false,1963-09-26,true,1964-09-26,ETH
a2a9e00e-a513-4541-b74d-981c47ab22c4,jbeuscher7h@ovh.net,PATIENT,Juditha,Beuscher,1957-01-18,false,1959-01-18,false,1960-01-18,RWA
7c7d8043-bf0c-4d33-88fd-768655a0e100,eshorte7i@samsung.com,PATIENT,Ebonee,Shorte,1998-02-17,false,2000-02-17,true,2001-02-17,POL
a3cf5033-6358-433e-b8c5-346d81a468be,tlorenzin7j@xrea.com,PATIENT,Tony,Lorenzin,1936-08-13,true,1938-08-13,false,1939-08-13,COG
6d891878-bd97-4e5c-9fba-2cfbe86bb10c,mofford7k@blogs.com,PATIENT,Mollee,Offord,1998-12-26,false,2000-12-26,true,2001-12-26,SOM
90f3a0fa-c9b4-4507-8711-950d4637c4cc,fmccreary7l@cnet.com,PATIENT,Franny,McCreary,1973-10-06,true,1975-10-06,false,1976-10-06,IRN
41828ab3-95f8-46e3-9ade-0ff7bbc248ae,mmarkus7m@goo.gl,PATIENT,Marchelle,Markus,1967-07-10,false,1969-07-10,true,1970-07-10,COD
8c8efe71-e542-4ce3-bbf6-c7ba22b0a5c0,jpeters7n@t-online.de,PATIENT,Jesse,Peters,1972-06-21,true,1974-06-21,true,1975-06-21,EGY
31b56bdd-fd3e-479f-bb54-e62083fcdcc6,csuermeiers7o@ucsd.edu,PATIENT,Carolina,Suermeiers,1928-05-26,false,1930-05-26,false,1931-05-26,SDN
4472126d-90c3-4c14-8bc0-6ea41129fe76,khender7p@creativecommons.org,PATIENT,Kerk,Hender,1954-02-10,false,1956-02-10,true,1957-02-10,MWI
2105978e-73bf-418c-9897-a785b43832ff,gchatelain7q@unblog.fr,PATIENT,Griffith,Chatelain,1986-04-15,true,1988-04-15,false,1989-04-15,GAB
f5f10b59-23f5-46dc-8c0f-45c7b07ca017,gkeslake7r@woothemes.com,ADMIN,Gratiana,Keslake,1952-05-21,true,1954-05-21,true,1955-05-21,CIV
19e190cb-c4c4-450b-a183-71750a75d47a,mmclurg7s@51.la,PATIENT,Mark,McLurg,1984-04-29,true,1986-04-29,false,1987-04-29,BEN
5b34d746-c24c-4053-845a-fe8f083a56ee,jpallant7t@mapquest.com,PATIENT,Jaquelyn,Pallant,1971-05-22,true,1973-05-22,true,1974-05-22,GIN
8acbbf16-8a37-4ba8-b2cb-eaae9b0a7099,hhaselhurst7u@over-blog.com,PATIENT,Herschel,Haselhurst,1930-12-04,false,1932-12-04,true,1933-12-04,RWA
17d56ad4-3cfa-4cba-9e5f-da0b493fb6a1,qstanmer7v@forbes.com,PATIENT,Quinn,Stanmer,1997-07-30,true,1999-07-30,false,2000-07-30,COG
6150e554-a143-4e07-8a68-5ace2231efc1,adelaharpe7w@geocities.jp,PATIENT,Andrej,De la Harpe,1983-02-19,false,1985-02-19,true,1986-02-19,NGA
179c6c0b-38fb-4ef1-a752-258be7426bbd,lkloisner7x@oaic.gov.au,PATIENT,Lida,Kloisner,1990-12-17,true,1992-12-17,true,1993-12-17,ETH
aa1be606-e24b-4948-b383-c6fb6b61630d,sbowhay7y@answers.com,PATIENT,Sheilakathryn,Bowhay,1947-10-28,true,1949-10-28,true,1950-10-28,DZA
27f4de3d-3fc2-486c-a9dd-9f56bc689b6e,lchamp7z@wiley.com,PATIENT,Lawrence,Champ,1975-06-16,false,1977-06-16,false,1978-06-16,JPN
0a05dba9-5f9e-4d77-8d86-8ac87c5f6be9,rsherry80@com.com,PATIENT,Riobard,Sherry,1967-04-24,false,1969-04-24,true,1970-04-24,DZA
be004e9b-1fe9-44e6-8e66-0846a3f335a9,kcrinion81@japanpost.jp,PATIENT,Kat,Crinion,1985-11-01,false,1987-11-01,true,1988-11-01,CMR
6f0190e2-6969-4764-81f4-d8af5b513e69,rlatan82@technorati.com,PATIENT,Roseann,Latan,1983-07-06,true,1985-07-06,true,1986-07-06,POR
a22d7699-4e58-4a6a-8987-3bc8d8073469,hcarrigan83@xing.com,PATIENT,Horace,Carrigan,1947-09-12,true,1949-09-12,false,1950-09-12,MOZ
7c4de032-7d90-4545-829a-2ec3e2ceb08f,bwoolstenholmes84@hostgator.com,PATIENT,Brigit,Woolstenholmes,1958-12-08,false,1960-12-08,true,1961-12-08,SGP
4408b3b9-5d29-49f8-9019-720621c07d4f,ncroad85@intel.com,PATIENT,Norbert,Croad,1942-06-11,false,1944-06-11,true,1945-06-11,CMR
6eac9887-6f35-4892-85bf-c7c558f7b1cf,grickard86@mlb.com,PATIENT,Gisele,Rickard,1926-10-07,true,1928-10-07,false,1929-10-07,TZA
e252b753-03ab-44be-9659-87971a379d5a,wyushachkov87@yandex.ru,PATIENT,Wynnie,Yushachkov,1995-11-07,true,1997-11-07,true,1998-11-07,ERI
894bd47e-99a9-408b-95d4-5da90bd8529f,gdreigher88@webs.com,ADMIN,Georgette,Dreigher,2000-07-23,false,2002-07-23,true,2003-07-23,BDI
5cb3c945-31be-492b-8042-05647f7d7dca,rmechi89@blogs.com,PATIENT,Rica,Mechi,1943-09-18,false,1945-09-18,false,1946-09-18,CHN
d97c009f-f860-41d8-b1a6-fb79127d69d3,mhakking8a@craigslist.org,PATIENT,Meredith,Hakking,1999-06-04,true,2001-06-04,false,2002-06-04,AGO
24e6d8e3-0b9a-425d-859e-a97f97c9e6ae,yminards8b@merriam-webster.com,PATIENT,Yard,Minards,1962-05-04,true,1964-05-04,false,1965-05-04,NZL
839f8f13-3834-4144-80c9-ce2ef6d5cabb,vallport8c@netscape.com,PATIENT,Viviyan,Allport,1930-02-19,true,1932-02-19,true,1933-02-19,DEN
726b854d-6976-4c68-9348-b7abb801c1dd,gsinden8d@ucla.edu,PATIENT,Gifford,Sinden,1994-10-19,true,1996-10-19,true,1997-10-19,HUN
9c51a9d8-182e-4d19-8f32-b7956c3260ee,dzelland8e@networksolutions.com,PATIENT,Doria,Zelland,2000-07-01,false,2002-07-01,true,2003-07-01,PAK
9c127dc6-07d6-4336-a8aa-e717e6416983,mmcbeith8f@ovh.net,PATIENT,Madonna,McBeith,1990-09-19,true,1992-09-19,true,1993-09-19,USA
5ea7e231-4d26-4777-b4f9-ffa7d3bd75f2,tkindle8g@blogs.com,PATIENT,Terra,Kindle,1930-03-03,false,1932-03-03,false,1933-03-03,IRN
4600a7af-4f53-4578-81b1-80ee7f087d1c,ecatlin8h@liveinternet.ru,PATIENT,Eddy,Catlin,1951-01-08,true,1953-01-08,false,1954-01-08,GHA
b66f769b-6ef1-4dfe-a041-69efb5bbbcfc,tneiland8i@wufoo.com,PATIENT,Tedie,Neiland,1993-02-01,true,1995-02-01,true,1996-02-01,LBR
383f0693-f70e-4273-96f8-9e25d7a3e64b,bgleeton8j@facebook.com,PATIENT,Bobby,Gleeton,1981-06-06,true,1983-06-06,false,1984-06-06,TUN
613fd286-18ef-4870-bd75-ec2baaa03cd2,astriker8k@irs.gov,PATIENT,Alastair,Striker,1995-12-01,false,1997-12-01,false,1998-12-01,IDN
daf0bf12-4205-4f7a-bf96-8013fff4906a,aworrall8l@godaddy.com,PATIENT,Alysa,Worrall,1951-01-25,false,1953-01-25,true,1954-01-25,GBR
e0e45363-93e0-45b0-848e-582aff2c3921,csemiras8m@auda.org.au,PATIENT,Cthrine,Semiras,1955-03-12,true,1957-03-12,true,1958-03-12,DEN
86b3472a-dd9d-4b26-8b14-9ec7567e1548,sdecroix8n@prlog.org,PATIENT,Steffie,Decroix,1969-12-18,false,1971-12-18,true,1972-12-18,SSD
903e454a-e1ac-4ad3-95a6-1bce468c9f09,mcraigheid8o@goodreads.com,PATIENT,Marysa,Craigheid,1997-03-10,false,1999-03-10,true,2000-03-10,BRA
11d4fe71-ed92-4e24-a5d7-15f6c04eeb37,mbalmadier8p@fotki.com,PATIENT,Margo,Balmadier,1981-09-30,false,1983-09-30,true,1984-09-30,GBR
2f0f4dc9-3376-48d1-8869-20363d0e548f,rparkin8q@ustream.tv,PATIENT,Ronny,Parkin,1983-07-23,true,1985-07-23,true,1986-07-23,ERI
27cc65b1-8d97-410d-86d6-35164f269f77,asawnwy8r@mlb.com,ADMIN,Asa,Sawnwy,1994-12-03,true,1996-12-03,true,1997-12-03,ETH
a454f73f-bde6-48e9-8dfe-a14e178accf0,eclose8s@symantec.com,PATIENT,Emma,Close,1976-03-31,true,1978-03-31,true,1979-03-31,NZL
392d3c7d-bf9a-45c5-9bd1-b7fb99bee84f,cortner8t@thetimes.co.uk,PATIENT,Cheston,Ortner,1943-03-02,true,1945-03-02,false,1946-03-02,ERI
a11b0b6d-16e2-431f-9ecb-b453c365c11c,coaten8u@last.fm,PATIENT,Clemente,Oaten,1956-01-05,false,1958-01-05,true,1959-01-05,GHA
ef0580c7-4e82-4dbd-a60b-219b5c85b105,jpapps8v@si.edu,PATIENT,Jeniece,Papps,1956-04-04,true,1958-04-04,true,1959-04-04,VNM
243b1307-daa5-4321-b79b-283b54cced58,bredborn8w@printfriendly.com,PATIENT,Bryna,Redborn,1926-09-26,true,1928-09-26,false,1929-09-26,RWA
1855b730-ec81-4f5f-9885-2e56c58bbf3f,ahannan8x@surveymonkey.com,ADMIN,Anabelle,Hannan,2003-06-06,true,2005-06-06,true,2006-06-06,UGA
6033d139-b712-4c3f-a113-12475a441944,adyball8y@prweb.com,PATIENT,Amerigo,Dyball,1947-02-20,true,1949-02-20,false,1950-02-20,KEN
5ffb511e-cac0-4fe4-8bc8-ecf273a908e9,ttugwell8z@bloglovin.com,PATIENT,Torey,Tugwell,1938-08-27,false,1940-08-27,false,1941-08-27,USA
d1d63fe7-aca7-459a-a8fa-dba8bc6e74b6,mcristofolini90@hugedomains.com,PATIENT,Meggi,Cristofolini,1997-04-21,false,1999-04-21,true,2000-04-21,LBR
3a77abbf-10c2-45c8-8b65-5586804a287e,tbenediktsson91@usgs.gov,PATIENT,Torie,Benediktsson,1970-10-28,true,1972-10-28,false,1973-10-28,POL
649782b3-16ce-48cb-a7d4-3de06d7394f6,gtremouille92@timesonline.co.uk,PATIENT,Gilberte,Tremouille,1949-12-04,true,1951-12-04,true,1952-12-04,TZA
c1b2a08e-895e-4678-adc4-60c92053c76e,eewens93@drupal.org,PATIENT,Ernestus,Ewens,1935-03-05,false,1937-03-05,true,1938-03-05,ZWE
179af159-66cb-4076-abbf-541f020b9e40,lmatthaus94@home.pl,PATIENT,Laurice,Matthaus,1926-11-07,false,1928-11-07,false,1929-11-07,ETH
0b61f1f7-b55e-419d-a11a-d1c117eb5682,clorek95@umich.edu,ADMIN,Claire,Lorek,1977-12-16,false,1979-12-16,false,1980-12-16,NZL
a7ae7ac2-3fb1-45a0-bfb0-43d5967385f3,frayhill96@psu.edu,ADMIN,Florrie,Rayhill,1994-09-16,true,1996-09-16,false,1997-09-16,SDN
5bc0aec8-8c94-472a-8f15-5d3bee4631b2,jgiorgio97@123-reg.co.uk,PATIENT,Justis,Giorgio,1973-05-19,false,1975-05-19,false,1976-05-19,QAT
eb7304a7-6bf9-4f4d-8f87-bbcee293b630,gokinneally98@wix.com,PATIENT,Gustaf,O'Kinneally,1973-07-06,true,1975-07-06,true,1976-07-06,COM
28391fc5-63ed-4d3b-be17-cc2e6dcaaeea,mmaron99@wiley.com,PATIENT,Mikaela,Maron,1986-04-17,false,1988-04-17,false,1989-04-17,THA
0777a212-037f-4a02-9765-33cc40f701dd,lbiffin9a@bbb.org,PATIENT,Lilah,Biffin,1963-09-02,true,1965-09-02,true,1966-09-02,KWT
564f02b1-d07a-465f-92a7-99c3dc24c29b,ccarlaw9b@dot.gov,PATIENT,Clayton,Carlaw,1969-11-18,true,1971-11-18,true,1972-11-18,LSO
14ff073f-3f5a-44d4-ab71-73e42b4f0e1f,tgiroldi9c@themeforest.net,PATIENT,Tonie,Giroldi,1967-01-03,false,1969-01-03,true,1970-01-03,GNQ
0835bcb8-4b8d-432a-b7c1-2e8059d92688,ecovell9d@buzzfeed.com,PATIENT,Eugenius,Covell,1967-05-17,true,1969-05-17,true,1970-05-17,UGA
f4e4ab3c-305e-477a-a58f-b52b8d83c1c0,afray9e@histats.com,PATIENT,Adore,Fray,1936-09-18,false,1938-09-18,true,1939-09-18,SOM
a7bf5687-0361-47d0-a0d8-cefa41d9e92c,zsimpole9f@sitemeter.com,PATIENT,Zabrina,Simpole,1929-01-21,true,1931-01-21,true,1932-01-21,AGO
2c95f4d2-bfc9-47b3-9342-9ddcc0c374a3,lstallybrass9g@wix.com,PATIENT,Lydie,Stallybrass,1943-04-27,false,1945-04-27,true,1946-04-27,SOM
08b7544e-05fe-4e4d-bdce-9ceca98010c1,lricardon9h@delicious.com,PATIENT,Lorrie,Ricardon,1946-10-21,false,1948-10-21,false,1949-10-21,THA
7e210771-4884-4bd2-940f-21e371466561,dadney9i@google.co.uk,PATIENT,Deny,Adney,1955-07-11,true,1957-07-11,false,1958-07-11,ETH
e2a63e6a-d0a3-418a-9c59-005486c10f62,vpaulo9j@bandcamp.com,PATIENT,Vivyan,Paulo,1966-03-14,true,1968-03-14,false,1969-03-14,KEN
d190a0fc-3449-4f62-ac7c-29322c56fdbc,adeeprose9k@gmpg.org,PATIENT,Aretha,Deeprose,1943-11-11,true,1945-11-11,true,1946-11-11,SDN
0538e68c-d593-4500-9113-4fcaa719772b,lparrin9l@psu.edu,PATIENT,Latashia,Parrin,1942-01-24,true,1944-01-24,false,1945-01-24,ETH
24b0a659-9209-457f-89f8-bc4f7689b657,scuddehy9m@alexa.com,PATIENT,Sidonnie,Cuddehy,1943-10-23,true,1945-10-23,true,1946-10-23,DJI
6bbc9930-fb5e-4523-a452-fbc750c8bcd8,hkeener9n@google.ru,PATIENT,Hyacintha,Keener,1956-08-08,true,1958-08-08,true,1959-08-08,DJI
c46f4a5f-5ae5-459f-8a02-f0b97e107f19,ebaignard9o@census.gov,PATIENT,Eward,Baignard,1946-09-07,true,1948-09-07,true,1949-09-07,SAU
109c818b-7f74-4b24-8e23-9a6ad1b84283,ckinner9p@clickbank.net,PATIENT,Cari,Kinner,1962-09-15,false,1964-09-15,true,1965-09-15,MUS
edeb1cc2-c1c5-4403-8e7a-82440fab6c34,bcollcott9q@opera.com,PATIENT,Berrie,Collcott,1962-10-06,false,1964-10-06,true,1965-10-06,BEL
55cfc5ed-e8e1-43fb-a58f-8c3419a9bec0,rdenton9r@reuters.com,PATIENT,Rees,Denton,1969-08-27,false,1971-08-27,false,1972-08-27,BDI
35476218-4698-4465-93d9-9cf6344240fb,mgarvan9s@typepad.com,PATIENT,Meade,Garvan,1951-06-18,true,1953-06-18,true,1954-06-18,EGY
8b26a301-1757-4b83-b38b-9ef5fbc42f73,crobertet9t@scribd.com,PATIENT,Clint,Robertet,1941-06-12,true,1943-06-12,false,1944-06-12,EGY
ffd0ef60-c37b-425d-9609-5a9a446334a7,jdansie9u@domainmarket.com,ADMIN,Juliette,Dansie,2005-05-07,true,2007-05-07,true,2008-05-07,BDI
e5db8495-33f2-44e6-8477-30c25fd6ba94,lcoxon9v@amazon.de,PATIENT,Lena,Coxon,1998-09-29,true,2000-09-29,false,2001-09-29,ETH
1375482f-0bb1-4e7a-b650-44643ac7fb6e,cshout9w@youtube.com,PATIENT,Clari,Shout,1960-01-05,true,1962-01-05,true,1963-01-05,KEN
b11636f2-340d-42da-b91f-764f909e1d81,asaltwell9x@fema.gov,PATIENT,Aubrey,Saltwell,1935-10-22,true,1937-10-22,false,1938-10-22,LSO
cd36fd9b-2220-451e-8326-c848b39c6380,sfrail9y@etsy.com,PATIENT,Shane,Frail,1992-01-20,true,1994-01-20,false,1995-01-20,BEN
4df2da0a-56a1-4663-89ea-abd6f83694fb,lpo9z@altervista.org,PATIENT,Lilia,Po,1973-08-25,false,1975-08-25,false,1976-08-25,ITA
8c2fe998-dff7-44e0-9fa5-e062cf48580d,mrougiera0@amazon.co.jp,PATIENT,Margaretta,Rougier,1956-09-20,false,1958-09-20,false,1959-09-20,KEN
ba28a61f-71b6-4d01-93af-359ecd7c62f5,mvargasa1@yellowbook.com,PATIENT,Maridel,Vargas,1948-09-21,true,1950-09-21,false,1951-09-21,CAF
0f3e475d-a353-4f1a-89b5-db5fc1a3fc9b,wmoakesa2@youku.com,PATIENT,Wenonah,Moakes,1976-04-23,false,1978-04-23,true,1979-04-23,KEN
869f013f-d07b-4927-8ff4-c91f498941e4,jfriera3@tinypic.com,PATIENT,Jethro,Frier,1927-12-31,false,1929-12-31,false,1930-12-31,GBR
00fbc9c9-c56d-4b56-bda6-9ce0d841d58c,mbugbirda4@mapy.cz,ADMIN,Meagan,Bugbird,1979-03-11,false,1981-03-11,true,1982-03-11,MRT
a674e8a0-780f-4f69-83e8-d0152328642c,cmacaughtriea5@indiegogo.com,PATIENT,Christine,MacAughtrie,2005-10-02,false,2007-10-02,false,2008-10-02,LBR
3b9a490c-5fb4-4b7b-add9-beeb736cfebc,aboatmana6@omniture.com,PATIENT,Alvie,Boatman,1970-11-29,true,1972-11-29,false,1973-11-29,GNQ
38212805-3566-4121-b7df-663a5b5f4394,rmcrinna7@ning.com,PATIENT,Renado,McRinn,1973-02-23,false,1975-02-23,false,1976-02-23,ISR
21a56d0c-5510-4b4b-a9f6-8e9362022ed5,npettengella8@soup.io,PATIENT,Nikkie,Pettengell,1993-02-10,false,1995-02-10,true,1996-02-10,NGA
b0f34f5c-86bf-465e-bc20-84b4025d722e,rchansonnea9@ehow.com,PATIENT,Ricard,Chansonne,1967-11-20,false,1969-11-20,true,1970-11-20,GIN
baaf4116-29d1-4008-9c7b-8f40276b5c7f,gcroyseraa@berkeley.edu,PATIENT,Giorgi,Croyser,1932-07-12,true,1934-07-12,false,1935-07-12,MOZ
2971c943-8e91-4a00-ab39-b7f18c01be72,coldacreab@webmd.com,PATIENT,Con,Oldacre,1976-12-24,false,1978-12-24,true,1979-12-24,SOM
bcbc1a9e-d416-491c-a248-102f9995fe49,dploughwrightac@arizona.edu,PATIENT,Devy,Ploughwright,1973-10-29,true,1975-10-29,false,1976-10-29,ETH
db7f66dc-28f0-40b8-8895-54445bf3b9a3,cmcclurgad@whitehouse.gov,PATIENT,Cacilie,McClurg,1988-05-01,false,1990-05-01,false,1991-05-01,ESH
247679a3-95fa-4f43-85ae-5851c2b1ca81,fmorpheyae@dedecms.com,PATIENT,Fawn,Morphey,1946-07-12,false,1948-07-12,false,1949-07-12,MAR
b2d6872b-1fe2-463b-a8f9-b493422984d1,jcattelaf@si.edu,PATIENT,Jermain,Cattel,1932-04-25,false,1934-04-25,true,1935-04-25,ETH
1dda9776-cbae-4ffb-bede-5a5f2e45b795,vweinbergag@wisc.edu,PATIENT,Vivian,Weinberg,1963-05-07,true,1965-05-07,true,1966-05-07,NER
b9a4f072-adaf-4828-9c80-32462ea02c7c,ltipperah@pen.io,PATIENT,Lesya,Tipper,1959-10-26,true,1961-10-26,true,1962-10-26,PER
5d02d1b1-c430-48ff-84cf-897505b50a0a,tguestai@domainmarket.com,PATIENT,Travus,Guest,1928-01-19,true,1930-01-19,false,1931-01-19,MRT
8a0c15e7-1070-4841-a1de-46f19306d247,pmathwinaj@lulu.com,PATIENT,Patin,Mathwin,1969-10-13,false,1971-10-13,true,1972-10-13,ETH
b692c2c7-fc70-46d6-958c-4908cc9d73fc,ejosephsak@clickbank.net,PATIENT,Enoch,Josephs,1942-12-07,true,1944-12-07,true,1945-12-07,LBR
3106e7f0-7c6f-4b52-979d-f94889e5bb56,mtullyal@uiuc.edu,PATIENT,Mirabella,Tully,2004-02-05,true,2006-02-05,true,2007-02-05,CUB
a2051a21-f761-4514-a5a4-8e331eea02ee,kryamam@usatoday.com,PATIENT,Kristyn,Ryam,1958-11-23,true,1960-11-23,false,1961-11-23,SEN
ad96d781-2877-4883-a922-e772397b24b4,emenichilloan@webmd.com,PATIENT,Ephrayim,Menichillo,1989-04-25,false,1991-04-25,true,1992-04-25,SEN
eb8b7395-de0b-4644-9be4-99772e3331f8,hjaegarao@amazonaws.com,PATIENT,Hart,Jaegar,1942-10-08,true,1944-10-08,true,1945-10-08,ERI
0ea9f561-81d1-4d5a-a090-d7746325e739,athomazetap@gravatar.com,PATIENT,Arabella,Thomazet,2000-04-26,true,2002-04-26,true,2003-04-26,SOM
be5fb154-8faf-4e94-80ba-7060c3245fe7,spergensaq@privacy.gov.au,PATIENT,Sloan,Pergens,1975-11-05,false,1977-11-05,false,1978-11-05,SWZ
cf8e6224-a3e2-469f-a449-5bd220a55fd7,cprewar@ca.gov,PATIENT,Caresse,Prew,2003-04-10,false,2005-04-10,true,2006-04-10,ZWE
155d067b-2c88-4123-a64f-7281d5b98759,rovanesianas@nationalgeographic.com,PATIENT,Ryun,Ovanesian,1982-03-15,true,1984-03-15,false,1985-03-15,ZWE
3b1a8150-6016-47c9-b381-79a8d296eaea,cbingellat@wiley.com,PATIENT,Christopher,Bingell,2002-11-25,true,2004-11-25,true,2005-11-25,MEX
22941579-0f00-4258-b4c9-b95b2718ea60,lliasau@deliciousdays.com,PATIENT,Leonelle,Lias,2000-02-23,false,2002-02-23,true,2003-02-23,KEN
8b09b1f0-a45b-4597-ac42-44959dec1811,mdykeav@creativecommons.org,PATIENT,Manda,Dyke,1980-11-28,false,1982-11-28,true,1983-11-28,TZA
2d973d29-f9c4-4849-9a40-8ad7c221c1fb,usharpleaw@blogs.com,PATIENT,Ulla,Sharple,1987-11-08,false,1989-11-08,true,1990-11-08,NGA
88771b4f-aaab-4d01-80d7-83369b6911b9,ssmalemanax@hc360.com,PATIENT,Sheilah,Smaleman,1937-06-05,false,1939-06-05,true,1940-06-05,UGA
7d42b88d-d33f-44bb-8b17-3ee16c744129,mtookillay@simplemachines.org,PATIENT,Maximilian,Tookill,1988-01-12,false,1990-01-12,true,1991-01-12,MOZ
5d13043d-e3ff-4776-a2b2-05b78f2c1e69,jsamsinaz@amazon.de,PATIENT,Jewel,Samsin,1992-07-23,false,1994-07-23,true,1995-07-23,JPN
8ca34b83-ce4a-4805-ad3b-ffc8c394468d,istowersb0@yale.edu,PATIENT,Ileana,Stowers,1936-05-14,false,1938-05-14,false,1939-05-14,SSD
b6cf8442-5b08-43d8-9561-86a4908e10fa,jhayleyb1@yolasite.com,PATIENT,Jackquelin,Hayley,1958-09-05,true,1960-09-05,true,1961-09-05,SSD
4816e578-55ed-4cf1-8f5a-892a4cb51181,mdymockb2@amazon.co.jp,PATIENT,Munmro,Dymock,1978-03-10,false,1980-03-10,false,1981-03-10,TUN
85d0910b-f5f7-4835-be9d-d24963ea55e8,dmaidenb3@stumbleupon.com,PATIENT,Dusty,Maiden,1994-10-20,true,1996-10-20,true,1997-10-20,HUN
6568e4b6-eb83-4d6a-a3cd-3ff6c035c7f0,rgravestonb4@meetup.com,PATIENT,Robbie,Graveston,1975-07-21,false,1977-07-21,false,1978-07-21,UGA
6ee88d0d-0820-4ca9-9c03-58bddc6a6db2,adooneb5@google.de,PATIENT,Ab,Doone,1972-09-18,true,1974-09-18,true,1975-09-18,ETH
8d3b6a93-6f73-4c0c-9686-cf5a1d6d9658,eedgecombeb6@discovery.com,PATIENT,Ephraim,Edgecombe,1992-09-19,true,1994-09-19,true,1995-09-19,EGY
16fd3350-3770-4c04-b052-fab2aef88113,lwellstoodb7@tinypic.com,ADMIN,Lonnard,Wellstood,1995-05-17,true,1997-05-17,true,1998-05-17,GNQ
1d485450-6a21-436b-8061-775ca7a0aa8d,charmeb8@virginia.edu,PATIENT,Caril,Harme,1968-06-15,true,1970-06-15,false,1971-06-15,GBR
3c9a4bd8-3738-44f2-b82f-90f0eafd972a,mmicklewrightb9@cbc.ca,PATIENT,Minni,Micklewright,1994-01-19,true,1996-01-19,false,1997-01-19,LBR
7d30049c-1149-4f57-934f-ce3876e67190,sloukesba@xing.com,PATIENT,Sissie,Loukes,1950-05-31,true,1952-05-31,true,1953-05-31,GMB
d05f106d-eef3-4ac5-ac07-c29ff110a56f,rblakerbb@sakura.ne.jp,PATIENT,Rriocard,Blaker,1977-01-13,true,1979-01-13,false,1980-01-13,UGA
f74090a2-1cf5-41c0-bfe4-8725b9a54fb7,kaitchesonbc@t.co,ADMIN,Kiele,Aitcheson,1966-02-18,true,1968-02-18,false,1969-02-18,QAT
f856b72d-2bd3-4a69-856e-4b4c0753c064,gocaheybd@amazonaws.com,PATIENT,Genna,O'Cahey,1953-06-14,true,1955-06-14,false,1956-06-14,GHA
b1eb05ac-049c-4ba8-8be7-3836f2c1414f,fbenechbe@ocn.ne.jp,PATIENT,Farrah,Benech,1987-02-11,false,1989-02-11,false,1990-02-11,MAR
b7bf5b0e-b357-455c-a3ab-a121c76931ce,tbansalbf@cargocollective.com,PATIENT,Teodora,Bansal,1936-07-18,false,1938-07-18,true,1939-07-18,COM
a7d6c83d-f233-47e5-b2eb-1a521d2d31b7,lstathersbg@meetup.com,PATIENT,Lanny,Stathers,1930-10-16,true,1932-10-16,false,1933-10-16,COD
95a14424-962e-4ab1-9b3e-7a276279260b,vbraleybh@globo.com,PATIENT,Vincent,Braley,1976-03-02,false,1978-03-02,true,1979-03-02,SEN
d1789d9d-55d6-4234-aeb3-b9c8c7220e96,aleynaghbi@amazon.co.jp,PATIENT,Ashli,Leynagh,1967-01-09,false,1969-01-09,true,1970-01-09,VEN
14591fd5-9c2a-4e37-aa68-5e8001f0feab,cbosselbj@taobao.com,PATIENT,Clarinda,Bossel,1943-03-04,true,1945-03-04,false,1946-03-04,ZWE
aecb9862-9c01-4476-b14f-e233bba88d81,himlackebk@auda.org.au,PATIENT,Hyacinthia,Imlacke,1980-07-27,true,1982-07-27,true,1983-07-27,DEN
5876d208-ebe0-45e5-b898-51269e6b3a69,trubenfeldbl@bing.com,PATIENT,Tracie,Rubenfeld,1990-07-17,false,1992-07-17,true,1993-07-17,PHL
cfcc7544-6c71-4461-870b-04e71133b242,rsturgesbm@vkontakte.ru,PATIENT,Rosy,Sturges,1957-07-31,true,1959-07-31,true,1960-07-31,LAO
533a76a5-8053-47ef-9c46-dc4f7757de15,vdahlerbn@networkadvertising.org,PATIENT,Vonny,Dahler,1938-05-15,true,1940-05-15,false,1941-05-15,UGA
111621bb-bcd8-4311-9837-d81f7fc46bc8,alashbrookbo@twitter.com,ADMIN,Arman,Lashbrook,1929-02-01,false,1931-02-01,false,1932-02-01,SOM
f53999d9-3e67-44ba-91a7-c42628d40e4f,rguidonebp@home.pl,PATIENT,Ruprecht,Guidone,1951-10-14,true,1953-10-14,false,1954-10-14,DZA
226d7379-4ac8-4801-9e64-0fc623fda221,nridsdalebq@t-online.de,PATIENT,Neal,Ridsdale,2000-10-27,true,2002-10-27,true,2003-10-27,SOM
d4d1ef1a-bf80-4c7f-84f9-d841774a4c0b,kridholebr@tripadvisor.com,PATIENT,Kinny,Ridhole,1968-04-28,false,1970-04-28,true,1971-04-28,RUS
1b4e5ed2-2db6-40e0-a0db-20352f7757b4,ptallmanbs@github.io,PATIENT,Pascal,Tallman,2006-03-24,true,2008-03-24,false,2009-03-24,ERI
2a4ff0d9-c65b-4ded-8243-0510df849c59,femtagebt@bloglovin.com,PATIENT,Freida,Emtage,1961-12-30,false,1963-12-30,false,1964-12-30,ETH
3b1026c1-5d1c-497b-a757-05907c4138a3,raizlewoodbu@lulu.com,PATIENT,Reinaldos,Aizlewood,1975-06-21,true,1977-06-21,false,1978-06-21,TZA
02bd6fa8-1336-421b-863f-90cd4ebb5bb4,mbuffinbv@upenn.edu,PATIENT,Mendy,Buffin,1933-03-21,false,1935-03-21,false,1936-03-21,SOM
dadde6e8-92e2-41bb-a4bc-bff4fb386e6d,twainbw@cmu.edu,PATIENT,Talia,Wain,1974-11-03,false,1976-11-03,true,1977-11-03,DZA
96c3772b-1892-41cb-834f-1bd56193777c,atrevershbx@delicious.com,PATIENT,Augustina,Treversh,2005-06-13,false,2007-06-13,false,2008-06-13,ZAF
38bd486b-b634-4c27-a1d6-9715bc588eb9,edollenby@icio.us,PATIENT,Eldon,Dollen,1945-11-20,false,1947-11-20,false,1948-11-20,ZMB
3be90015-cebc-4f28-a042-b5cdd1636c85,dbidewellbz@google.cn,PATIENT,Danit,Bidewell,1956-08-09,false,1958-08-09,true,1959-08-09,SOM
63c17a50-016b-4ef3-952c-82868aea3a71,ntalmadgec0@dell.com,PATIENT,Nolana,Talmadge,1985-07-06,false,1987-07-06,false,1988-07-06,DEN
9a7e0401-49c7-4cfd-95c3-0032bcce5db2,abridellc1@usda.gov,PATIENT,Ambrosius,Bridell,1940-06-27,true,1942-06-27,false,1943-06-27,TCD
c565fef3-1aa8-4577-a8b4-01568783bf2d,sollarenshawc2@printfriendly.com,PATIENT,Sonya,Ollarenshaw,2003-11-23,true,2005-11-23,true,2006-11-23,SOM
5c4e1ece-b188-4824-ba30-5558eb88c4b9,lgasnollc3@cornell.edu,PATIENT,Loella,Gasnoll,2001-05-06,true,2003-05-06,true,2004-05-06,CIV
db73ecba-9128-41e9-b82f-df3278daa2bd,kbeentjesc4@fema.gov,PATIENT,Kimble,Beentjes,1979-07-17,false,1981-07-17,true,1982-07-17,NED
44030f95-415e-450d-8b7f-48384d572b28,bgroombridgec5@go.com,PATIENT,Batholomew,Groombridge,1941-08-08,false,1943-08-08,true,1944-08-08,SOM
8fee795d-f2cb-429c-ad60-d8a186d92046,hmilleryc6@japanpost.jp,PATIENT,Harrison,Millery,1991-01-11,true,1993-01-11,false,1994-01-11,RUS
c89891e9-deaa-43eb-b624-e4a104d7d032,thelbeckc7@wisc.edu,PATIENT,Talya,Helbeck,1985-09-16,false,1987-09-16,false,1988-09-16,LBR
ab4c8008-814d-44e7-8ff9-5a51804df7fc,cosbaldestonc8@guardian.co.uk,PATIENT,Carita,Osbaldeston,1977-12-20,true,1979-12-20,true,1980-12-20,MOZ
9d69af20-4553-450b-86ad-4b73440f7a82,emagrannellc9@symantec.com,PATIENT,Earlie,Magrannell,1943-07-29,true,1945-07-29,true,1946-07-29,GNQ
dc9df962-acf3-4acf-9e01-ff97a14533f3,hassanteca@tripod.com,PATIENT,Hobie,Assante,1932-07-06,true,1934-07-06,false,1935-07-06,ISR
ff12bfb2-fe17-48eb-b35f-03095f88f611,asherrellcb@mail.ru,PATIENT,Ahmad,Sherrell,1927-02-20,false,1929-02-20,false,1930-02-20,JPN
886f0fc6-1d62-46b8-9ad6-6a5c00e6120d,eelescc@ted.com,PATIENT,Ermengarde,Eles,1999-08-10,false,2001-08-10,false,2002-08-10,AGO
7c0ecfb3-e54a-4750-be86-500e3d1b0f96,jgazeycd@princeton.edu,PATIENT,Jerrold,Gazey,1960-11-16,true,1962-11-16,false,1963-11-16,KEN
735d69b4-a181-49f6-8110-5f9ba789baef,glawlingsce@virginia.edu,PATIENT,Gonzales,Lawlings,1962-11-14,true,1964-11-14,true,1965-11-14,MDG
f0c9dce0-86bb-437b-b8e6-8258a69cb1b9,overryancf@over-blog.com,PATIENT,Olia,Verryan,2000-11-13,true,2002-11-13,true,2003-11-13,NOR
74a6b89b-921d-4ef9-bc81-1fe934fe02a5,dgrollmanncg@moonfruit.com,PATIENT,Debbi,Grollmann,1949-06-06,false,1951-06-06,true,1952-06-06,TGO
a40908e1-aa1a-41b1-9c8a-97442f6a3c9d,agrebbinch@webnode.com,PATIENT,Axel,Grebbin,1926-01-16,false,1928-01-16,false,1929-01-16,GNQ
0d30ed00-c7f6-48fd-9aa3-47a1578e0295,crosinaci@theglobeandmail.com,PATIENT,Corilla,Rosina,1975-09-24,false,1977-09-24,true,1978-09-24,ISR
0aa6c9fc-3c71-49d7-9210-e1b9d3ef8c4d,valsobrookcj@sourceforge.net,PATIENT,Vivia,Alsobrook,1942-05-29,false,1944-05-29,false,1945-05-29,SAU
ce9c5740-221b-4ddb-a694-e57884b9742d,jovesenck@cdbaby.com,PATIENT,Johna,Ovesen,1956-03-09,false,1958-03-09,true,1959-03-09,ERI
03721be4-8881-4b7b-b082-7fc7c6bfbe7e,rmayscl@macromedia.com,PATIENT,Roddy,Mays,1965-12-30,true,1967-12-30,true,1968-12-30,SOM
cab234d0-7e3e-4fdd-8713-1a239f7491c1,lcarvillacm@ebay.co.uk,PATIENT,Lark,Carvilla,1982-11-08,true,1984-11-08,false,1985-11-08,ZMB
fe95f6dc-5029-4471-82a2-645b5000eb8e,pissakovcn@twitpic.com,PATIENT,Parrnell,Issakov,1948-03-18,true,1950-03-18,true,1951-03-18,SOM
2927309a-5100-4346-8930-1a6de646d41e,mkeavesco@prweb.com,PATIENT,Meridith,Keaves,1966-09-30,true,1968-09-30,true,1969-09-30,GHA
0846b820-5a05-4179-a43a-a25ca6401f72,ckohtlercp@adobe.com,PATIENT,Carey,Kohtler,1995-12-16,false,1997-12-16,true,1998-12-16,BDI
8688da1b-43bf-408b-9e32-ddac85e957c2,zrendercq@wordpress.org,PATIENT,Zorina,Render,1982-05-18,true,1984-05-18,false,1985-05-18,SOM
fa785650-bb48-41f9-b979-3955625132db,bwollandcr@typepad.com,PATIENT,Bessie,Wolland,1958-08-02,false,1960-08-02,false,1961-08-02,TZA
45fc4d86-a613-442f-bd1a-7cf2c0a02fa2,gdessantcs@goo.ne.jp,PATIENT,Geoffrey,Dessant,1981-01-28,false,1983-01-28,true,1984-01-28,UGA
2f9d4105-779e-446d-b732-ddf9af8d45a8,deriect@fema.gov,PATIENT,Damien,Erie,1935-02-14,true,1937-02-14,true,1938-02-14,SSD
598f713c-77cd-4645-8b40-e07bd1241628,lshiellcu@nature.com,PATIENT,Lula,Shiell,1960-06-13,false,1962-06-13,true,1963-06-13,ZWE
f1d82929-faee-48f7-8d10-337e8c36e715,rzamoracv@baidu.com,PATIENT,Ross,Zamora,1979-01-11,true,1981-01-11,true,1982-01-11,AUT
a8ba7e6b-3b60-418e-8820-f3e9f52f0143,lbinniecw@smugmug.com,PATIENT,Leann,Binnie,1930-03-04,false,1932-03-04,true,1933-03-04,ETH
4aa637d8-1a9a-48cd-90bd-62d2eee41194,geardleycx@nifty.com,PATIENT,Gusty,Eardley,1995-12-11,true,1997-12-11,true,1998-12-11,KEN
b5805f52-0672-4e91-b476-c6ccf4199def,glankfordcy@home.pl,PATIENT,Gearalt,Lankford,1944-08-23,false,1946-08-23,true,1947-08-23,TZA
899368bb-a1fd-4499-90ec-4759cee3fbb5,hfuscocz@mapy.cz,PATIENT,Hilly,Fusco,1949-08-27,true,1951-08-27,false,1952-08-27,THA
b88cb96d-c578-4c68-bb75-eac12a81df90,rwhitewoodd0@usda.gov,PATIENT,Rikki,Whitewood,1975-04-06,false,1977-04-06,true,1978-04-06,BDI
01a4970c-ca36-4cd5-ae3d-48d92b2c4e34,hgreenroydd1@sciencedaily.com,PATIENT,Hakim,Greenroyd,1971-04-30,true,1973-04-30,true,1974-04-30,NZL
bb73d329-2681-462a-9891-1d34a2cd31b0,ddegiorgiod2@biblegateway.com,PATIENT,Doe,De Giorgio,1987-01-02,true,1989-01-02,true,1990-01-02,CHL
14408162-2601-4134-8f3b-b52403459e2c,kdmitrovicd3@ibm.com,PATIENT,Kassia,Dmitrovic,1926-09-19,true,1928-09-19,true,1929-09-19,MMR
fa3da4db-efe1-4fe2-8a99-c447f72b5859,gfeatenbyd4@ibm.com,ADMIN,Gannie,Featenby,1949-08-22,false,1951-08-22,true,1952-08-22,DZA
003f41ac-623d-439b-b943-a3cdad2aab26,abehrensd5@google.it,PATIENT,Anthiathia,Behrens,1926-10-20,false,1928-10-20,true,1929-10-20,DZA
7585c5d7-6b1b-47e2-ab82-2b907baa5e60,acavelld6@ted.com,PATIENT,Adria,Cavell,1975-08-25,true,1977-08-25,false,1978-08-25,SOM
e33dfbea-e1a0-41ea-84ae-eb0d7ec0b1b5,tyurchishind7@walmart.com,PATIENT,Tallie,Yurchishin,1959-05-05,false,1961-05-05,false,1962-05-05,KHM
6d7f32f9-d73e-41e3-88d7-99552fd938dc,odowerd8@usgs.gov,PATIENT,Oona,Dower,1939-07-31,false,1941-07-31,false,1942-07-31,ERI
c15c8828-dc98-4db8-adac-dbf76b64e598,lgehrtzd9@irs.gov,PATIENT,La verne,Gehrtz,1999-02-25,true,2001-02-25,true,2002-02-25,IDN
1e913066-8f59-48b2-8e04-86befdd50248,dhogginsda@bing.com,PATIENT,Daile,Hoggins,1940-08-22,false,1942-08-22,false,1943-08-22,ETH
1cb5e64b-3cff-47e2-9a58-8129a5e405d0,jterramdb@house.gov,PATIENT,Jade,Terram,1932-04-11,true,1934-04-11,true,1935-04-11,CZE
37004dd0-bdb1-43fb-8eab-ef25aabcf31c,cburdendc@home.pl,PATIENT,Collen,Burden,1988-05-11,false,1990-05-11,true,1991-05-11,TZA
cba5f1a4-f84c-41c7-8eee-149c6552e9b4,loffilerdd@bing.com,ADMIN,Leslie,Offiler,2002-07-05,true,2004-07-05,false,2005-07-05,KWT
c97d79b2-f316-4372-94e2-35bf86a77446,wlynskeyde@columbia.edu,PATIENT,Wileen,Lynskey,1974-03-04,false,1976-03-04,false,1977-03-04,BEL
148dcc18-e591-4911-a70d-ffdf60010105,bgreenerdf@wikipedia.org,PATIENT,Barbey,Greener,1944-06-19,true,1946-06-19,false,1947-06-19,AGO
1a30d05e-394c-4ca6-ad23-f9f72276cb35,kscarffedg@bandcamp.com,PATIENT,Kai,Scarffe,1925-10-02,false,1927-10-02,false,1928-10-02,GNQ
ec682205-5005-4cef-b455-ed38d3ccc271,lgatheridgedh@ox.ac.uk,PATIENT,Leona,Gatheridge,1989-11-22,false,1991-11-22,true,1992-11-22,NGA
019b9779-bd1d-4399-9c8c-946293ad87b1,caldinsdi@histats.com,PATIENT,Carr,Aldins,1960-08-27,false,1962-08-27,false,1963-08-27,DJI
dd362cca-bbf1-4428-ace7-d8e886182e74,pdeveredj@chicagotribune.com,PATIENT,Putnem,De Vere,2001-03-15,false,2003-03-15,true,2004-03-15,EGY
be6714c4-82c6-4777-a8ee-60e0fea3f49e,lscarrisbrickdk@issuu.com,PATIENT,Lotte,Scarrisbrick,1944-02-19,true,1946-02-19,true,1947-02-19,GHA
fdd6475f-4f3b-4a7a-bff8-4b2c87252fea,rshavesdl@discuz.net,PATIENT,Roslyn,Shaves,1980-01-18,false,1982-01-18,true,1983-01-18,GIN
92b5080e-7990-4bae-a548-676f327856a7,lelgerdm@php.net,PATIENT,Ladonna,Elger,1980-12-30,true,1982-12-30,false,1983-12-30,BWA
00eaa9ee-66e6-4607-8312-c56f2ddf6a17,santhiftledn@liveinternet.ru,PATIENT,Sashenka,Anthiftle,1995-09-23,true,1997-09-23,true,1998-09-23,AUT
979247e5-29aa-45b4-a026-44affff37303,jtulipdo@ehow.com,PATIENT,Jarib,Tulip,1990-03-24,true,1992-03-24,true,1993-03-24,SSD
a2873b02-9fb0-4978-b05c-a77074b9095f,ydancerdp@com.com,ADMIN,Yoko,Dancer,1983-09-12,true,1985-09-12,true,1986-09-12,RUS
9e534d54-91a2-4b8b-aeec-1022adbec2c0,ibindleydq@rambler.ru,PATIENT,Ivonne,Bindley,1935-04-12,false,1937-04-12,true,1938-04-12,LSO
18157eee-5759-4138-9256-9aebd2567030,hmordeydr@narod.ru,PATIENT,Hersch,Mordey,1951-07-07,false,1953-07-07,true,1954-07-07,TZA
3cc6215e-3796-4cfd-9369-4752f569eea6,bdivillds@soup.io,PATIENT,Bent,Divill,1985-01-02,true,1987-01-02,true,1988-01-02,MOZ
e8cac77a-dd66-431e-bdb4-ab26874d3776,lkeanedt@typepad.com,PATIENT,Lelah,Keane,1929-03-11,true,1931-03-11,false,1932-03-11,QAT
63b439cf-981c-4ea9-8719-188a2d7d94a6,aangricdu@drupal.org,PATIENT,Ardis,Angric,1998-10-08,true,2000-10-08,true,2001-10-08,GRE
c2f85b55-4abb-4d29-8679-c0644d705a05,ajendruschdv@reuters.com,PATIENT,Ahmed,Jendrusch,1975-05-20,false,1977-05-20,true,1978-05-20,GNQ
ca6e36ae-6264-4acd-b7fd-befa460c43af,mkbhd,ADMIN,el,yadah
be385a4a-32e3-41f7-bc4c-08758e183222,pop,PATIENT,pop,pop,2000-09-09,true,2005-09-09,true,2009-09-09,RWA
e7d21ced-57bf-4e0c-b7fa-5fc6949abdce,asd,ADMIN,asd,asd
57564f4d-838b-48ff-b449-702fe81f23aa,lop,ADMIN,lop,lop
1a92517c-0600-4022-88a4-beaa99f1003b,qwe,ADMIN,qwe,qwe
c18c0a9d-ebd4-4860-9d4a-1ed452388662,doe@gmail.com,PATIENT,Doe,Mary,2000-01-01,true,2001-01-21,true,2002-08-08,RWA
1a5ae216-30c6-4cdc-b075-8d3688a227cf,john@gmail.com,PATIENT,John,Doe,2002-09-09,true,2003-09-09,true,2004-09-08,RWA
